id, node_color
8283682, DIVERSE
8306652, DIVERSE
14368769, DIVERSE
33616444, DIVERSE
44450457, DIVERSE
44650657, DIVERSE
50426168, DIVERSE
52357763, DIVERSE
53059376, DIVERSE
55509279, DIVERSE
62397313, DIVERSE
63512448, DIVERSE
78593879, DIVERSE
81871859, DIVERSE
89221733, DIVERSE
94607562, DIVERSE
97999053, DIVERSE
103591569, PROPAGANDA
116179209, DIVERSE
126768770, DIVERSE
128628690, DIVERSE
130857133, DIVERSE
137140334, DIVERSE
152014217, DIVERSE
163850165, DIVERSE
167050566, DIVERSE
198440182, DIVERSE
200374750, DIVERSE
204298620, DIVERSE
219594539, DIVERSE
236134551, DIVERSE
243419888, DIVERSE
243571016, DIVERSE
245880979, DIVERSE
246882277, DIVERSE
248188034, DIVERSE
248884898, DIVERSE
249144163, DIVERSE
250102231, DIVERSE
250480066, DIVERSE
255860716, DIVERSE
255935216, DIVERSE
256442158, DIVERSE
258699653, DIVERSE
260096049, DIVERSE
262457844, DIVERSE
263813012, DIVERSE
265596724, DIVERSE
267714517, DIVERSE
267906742, DIVERSE
268832429, DIVERSE
269174281, DIVERSE
280288703, DIVERSE
289234977, DIVERSE
290072000, DIVERSE
290226508, DIVERSE
290722577, DIVERSE
291169000, DIVERSE
294418317, DIVERSE
295836779, DIVERSE
297419374, DIVERSE
298512955, DIVERSE
301120393, DIVERSE
301243249, DIVERSE
310906519, DIVERSE
320734801, DIVERSE
330557927, DIVERSE
332756867, DIVERSE
334099422, DIVERSE
343126997, DIVERSE
344550622, DIVERSE
352489322, DIVERSE
352683068, DIVERSE
353767713, DIVERSE
353926417, DIVERSE
357088550, DIVERSE
375788728, DIVERSE
377062312, DIVERSE
378231256, DIVERSE
384484673, DIVERSE
392388189, DIVERSE
410955818, DIVERSE
427024377, DIVERSE
437292351, DIVERSE
438582009, DIVERSE
482105140, DIVERSE
483402680, DIVERSE
483724549, DIVERSE
485085414, DIVERSE
487707785, DIVERSE
501849447, DIVERSE
524731213, DIVERSE
526196228, DIVERSE
526343521, DIVERSE
573458208, DIVERSE
581967281, DIVERSE
590191382, DIVERSE
605402003, DIVERSE
608266275, DIVERSE
608572360, DIVERSE
616278725, DIVERSE
625407310, DIVERSE
704769648, DIVERSE
711038648, DIVERSE
714962101, DIVERSE
715219325, DIVERSE
720002435, DIVERSE
739030778, DIVERSE
795081842, DIVERSE
861210284, DIVERSE
889171106, DIVERSE
916943462, DIVERSE
934906862, DIVERSE
941413286, DIVERSE
950322907, DIVERSE
957224466, DIVERSE
970982930, DIVERSE
993931494, DIVERSE
999015997, DIVERSE
1002844374, DIVERSE
1011040237, DIVERSE
1063501603, DIVERSE
1085435814, DIVERSE
1105943366, DIVERSE
1113619861, DIVERSE
1226994534, DIVERSE
1318153052, DIVERSE
1326981402, DIVERSE
1340443376, DIVERSE
1355953423, DIVERSE
1381199558, DIVERSE
1426692180, DIVERSE
1470804174, DIVERSE
1548491077, DIVERSE
1574912846, DIVERSE
1584034387, DIVERSE
1586756136, DIVERSE
1658511798, DIVERSE
1666466142, DIVERSE
1697871608, DIVERSE
1704039354, DIVERSE
1720125462, DIVERSE
1849797510, DIVERSE
1900215307, DIVERSE
1904138971, DIVERSE
1935523375, DIVERSE
2149630553, DIVERSE
2165403949, DIVERSE
2172260604, DIVERSE
2198055650, DIVERSE
2211328200, DIVERSE
2219659092, DIVERSE
2249591503, DIVERSE
2291448871, DIVERSE
2314172500, DIVERSE
2316138426, DIVERSE
2327623608, DIVERSE
2342542776, DIVERSE
2360175272, DIVERSE
2363005662, DIVERSE
2418784220, DIVERSE
2426506130, DIVERSE
2430324679, DIVERSE
2446496337, DIVERSE
2468130040, DIVERSE
2485093470, DIVERSE
2493490788, DIVERSE
2543403804, DIVERSE
2555765855, DIVERSE
2573151897, DIVERSE
2580174954, DIVERSE
2591216228, DIVERSE
2594563700, DIVERSE
2608918090, DIVERSE
2622566769, DIVERSE
2675776565, DIVERSE
2699106120, DIVERSE
2731000026, DIVERSE
2792349332, DIVERSE
2793115700, DIVERSE
2798670142, DIVERSE
2802215540, DIVERSE
2804397326, DIVERSE
2832605863, DIVERSE
2841137133, DIVERSE
2866272891, DIVERSE
2879877703, DIVERSE
2910159072, DIVERSE
2940085139, DIVERSE
2948787802, DIVERSE
2961168046, DIVERSE
2961271367, DIVERSE
2963523006, DIVERSE
2986577561, DIVERSE
3056082865, DIVERSE
3119004789, DIVERSE
3151831602, DIVERSE
3207461229, DIVERSE
3257060822, DIVERSE
3260615157, DIVERSE
3272597275, DIVERSE
3290903817, DIVERSE
3291811287, DIVERSE
3303310637, DIVERSE
3329476545, DIVERSE
3349586973, DIVERSE
3354184180, DIVERSE
3364190599, DIVERSE
3365795979, DIVERSE
3378057095, DIVERSE
3384417664, DIVERSE
3385639619, DIVERSE
3397313500, DIVERSE
3401040687, DIVERSE
3401597293, DIVERSE
3402072700, DIVERSE
3402981856, DIVERSE
3629819656, DIVERSE
3666388997, DIVERSE
3870664763, DIVERSE
3904142384, DIVERSE
3927839296, DIVERSE
3972631527, DIVERSE
3978237134, DIVERSE
3986975423, DIVERSE
4099696313, DIVERSE
4136045187, DIVERSE
4138466860, DIVERSE
4180805981, DIVERSE
4218030455, DIVERSE
4228635573, DIVERSE
4229434217, DIVERSE
4250884757, DIVERSE
4258462703, DIVERSE
4285870036, DIVERSE
4332047417, DIVERSE
4424993302, DIVERSE
4479261983, DIVERSE
4486485741, DIVERSE
4579950681, DIVERSE
4621926136, DIVERSE
4643082382, DIVERSE
4729581921, DIVERSE
4730976502, DIVERSE
4829464306, DIVERSE
4866510309, DIVERSE
4890834491, DIVERSE
4916307257, DIVERSE
704709279631208448, DIVERSE
706955613838905345, DIVERSE
710795964211195905, DIVERSE
711303312604307456, DIVERSE
711388231225446400, DIVERSE
719721270070353921, DIVERSE
720409308832227329, DIVERSE
720702821843222529, DIVERSE
721267544250834945, DIVERSE
721769702134038530, DIVERSE
722481611330203649, DIVERSE
723542802706096128, DIVERSE
724359488543809536, DIVERSE
726911179063451648, DIVERSE
730330516361236480, DIVERSE
732095099153358848, DIVERSE
732290670854017025, DIVERSE
733285152533647361, DIVERSE
736968449008766980, DIVERSE
738233330760581120, DIVERSE
740458446672285698, DIVERSE
741153195263692801, DIVERSE
741384638229323776, DIVERSE
742799027587174400, DIVERSE
743132260870848512, DIVERSE
749792327355473920, DIVERSE
755088257923317761, DIVERSE
757717328524083200, DIVERSE
761558944984756224, DIVERSE
775016586780565504, DIVERSE
777566219432038400, DIVERSE
778881899716571136, DIVERSE
779240326640836608, DIVERSE
785456605504663552, DIVERSE
790245445087981568, DIVERSE
791037133196787713, DIVERSE
801169863469334529, DIVERSE
801824521330315265, DIVERSE
803328589353676801, DIVERSE
803912062518915073, DIVERSE
804387164591128576, DIVERSE
804610631940898816, DIVERSE
805075465291579392, DIVERSE
807468851277496320, DIVERSE
807860907623804928, DIVERSE
811165624634318849, DIVERSE
822466670388199425, DIVERSE
823605113516425217, DIVERSE
824222248311455744, DIVERSE
824912061423611904, DIVERSE
826926409868333056, DIVERSE
827158099505053696, DIVERSE
827266046629339138, DIVERSE
827643454071140354, DIVERSE
827877724031184896, DIVERSE
836883916216754177, DIVERSE
838042200814546945, DIVERSE
838671100867461122, DIVERSE
842004888603262977, DIVERSE
843538544853471235, DIVERSE
846572563018993665, DIVERSE
847396460316340228, DIVERSE
847963797054685184, DIVERSE
850417281494593537, DIVERSE
854432125893959680, DIVERSE
854771347288883207, DIVERSE
855835451252498437, DIVERSE
856447379540783104, DIVERSE
856884402063802368, DIVERSE
859522521238040576, DIVERSE
860509901046640644, DIVERSE
861373346029678592, DIVERSE
863815101958283265, DIVERSE
865215235187191809, DIVERSE
866337813448589313, DIVERSE
867536183571644418, DIVERSE
867922545407864833, DIVERSE
870997257688100868, DIVERSE
871733193120108545, DIVERSE
873558166067441665, DIVERSE
873762303958814720, DIVERSE
876950740136329217, DIVERSE
877229398784696320, DIVERSE
879026248470712320, DIVERSE
881544376803053569, DIVERSE
882006111834050561, DIVERSE
882696229418930176, DIVERSE
882983595073306624, DIVERSE
885989434365292545, DIVERSE
889023757871964160, DIVERSE
891609063137697792, DIVERSE
891615821725827072, DIVERSE
893377523383508992, DIVERSE
895782680633253888, DIVERSE
897128134310600705, DIVERSE
897742743224627201, DIVERSE
900514318265065475, DIVERSE
901228934230147075, DIVERSE
902323985102319616, DIVERSE
902471475101175809, DIVERSE
902881752762515456, DIVERSE
903010726813601794, DIVERSE
903241329316159488, DIVERSE
904702873673531392, DIVERSE
907317486198149120, DIVERSE
911696735919116288, DIVERSE
911718398442209280, DIVERSE
917483946165915650, DIVERSE
919073882488926208, DIVERSE
921191492311486464, DIVERSE
924476212147343360, DIVERSE
926533039810805760, DIVERSE
926572840610091008, DIVERSE
927505189426417664, DIVERSE
928103143132590080, DIVERSE
928310052930424837, DIVERSE
931008157475835904, DIVERSE
931189794490679297, DIVERSE
931216082735652864, DIVERSE
933849234721341440, DIVERSE
934228610772324352, DIVERSE
936223866912935936, DIVERSE
936602697503043584, DIVERSE
939980283532767233, DIVERSE
940356163065040897, DIVERSE
941396980865093632, DIVERSE
941748940898291712, DIVERSE
943154426067542017, DIVERSE
943405190279061504, DIVERSE
943845289839951872, DIVERSE
943952945745408000, DIVERSE
944677444115673088, DIVERSE
946011088952483842, DIVERSE
946473700660047873, DIVERSE
946583484382040065, DIVERSE
947155722579693569, DIVERSE
947486947563458560, DIVERSE
947510147211022337, DIVERSE
949341325333336065, DIVERSE
949566209250521088, DIVERSE
949763848357203971, DIVERSE
950072836030451712, DIVERSE
953796389590401024, DIVERSE
955168578638155777, DIVERSE
955244977352855552, DIVERSE
955521618150920198, DIVERSE
956515009231769601, DIVERSE
956530362439684101, DIVERSE
957594310958026754, DIVERSE
958724840277540864, DIVERSE
959376481142149121, DIVERSE
959517609468354560, DIVERSE
960610035016617987, DIVERSE
960943194761498624, DIVERSE
961227143958147072, DIVERSE
962708176054472704, DIVERSE
962710365393080320, DIVERSE
963325885821702144, DIVERSE
964564521649131520, DIVERSE
965000347914854400, DIVERSE
965355950461898752, DIVERSE
966362321927983106, DIVERSE
967047168560435205, DIVERSE
967314838799167489, DIVERSE
969199442007150592, DIVERSE
969940374172119041, DIVERSE
971291298639613953, DIVERSE
971469536724770817, DIVERSE
972076498940252160, DIVERSE
972510449806823428, DIVERSE
972523298700627969, DIVERSE
973191894556606465, DIVERSE
973267735374450688, DIVERSE
973644650237124610, DIVERSE
973895605801160704, DIVERSE
974386042718564352, DIVERSE
975020035281444864, DIVERSE
975105135411122178, DIVERSE
975159819828125698, DIVERSE
975296737098326017, DIVERSE
975437930641674240, DIVERSE
975721917729705987, DIVERSE
976300774916575233, DIVERSE
978153064082309121, DIVERSE
978223469321220096, DIVERSE
978340608577277954, DIVERSE
