id, node_color
7970992, DIVERSE
14513512, DIVERSE
15111744, DIVERSE
16248292, DIVERSE
16624525, DIVERSE
36636494, DIVERSE
42196320, DIVERSE
52067288, DIVERSE
53059376, DIVERSE
58017260, DIVERSE
75997536, DIVERSE
80573898, DIVERSE
82477460, DIVERSE
94607562, DIVERSE
97232128, DIVERSE
100201393, DIVERSE
109035884, DIVERSE
128628690, DIVERSE
133266187, DIVERSE
136982031, DIVERSE
161113335, PROPAGANDA
163041731, DIVERSE
164979109, NON_PROPAGANDA
167990892, DIVERSE
179897514, DIVERSE
182473366, DIVERSE
191803770, DIVERSE
230702066, DIVERSE
238897491, DIVERSE
243687497, DIVERSE
243775933, DIVERSE
246747627, DIVERSE
246754124, DIVERSE
247227134, DIVERSE
247468980, DIVERSE
247912552, DIVERSE
249073389, DIVERSE
249144163, DIVERSE
249654545, DIVERSE
250295048, DIVERSE
251100437, DIVERSE
252254904, DIVERSE
252957203, DIVERSE
254665376, DIVERSE
255587866, DIVERSE
257651159, DIVERSE
257841422, DIVERSE
258090997, DIVERSE
259617134, DIVERSE
262457844, DIVERSE
262819428, DIVERSE
263891746, DIVERSE
267714517, DIVERSE
268545568, DIVERSE
269512392, DIVERSE
274530882, DIVERSE
274895833, DIVERSE
275694766, DIVERSE
280393461, DIVERSE
281160360, DIVERSE
281269490, DIVERSE
282065689, DIVERSE
290178890, DIVERSE
290632880, DIVERSE
290722577, DIVERSE
291908441, DIVERSE
297419374, DIVERSE
298512955, DIVERSE
301120393, DIVERSE
305587868, DIVERSE
306260807, DIVERSE
319901569, DIVERSE
320954038, DIVERSE
326074480, DIVERSE
327722701, DIVERSE
328206473, DIVERSE
334057976, DIVERSE
334670309, DIVERSE
357239860, DIVERSE
358040356, DIVERSE
363246406, DIVERSE
363845524, PROPAGANDA
368142886, DIVERSE
369608964, DIVERSE
370556715, DIVERSE
375468504, DIVERSE
377062312, DIVERSE
377220633, DIVERSE
378231256, DIVERSE
385535951, DIVERSE
392388189, DIVERSE
398171803, DIVERSE
399963628, DIVERSE
411346195, DIVERSE
414187574, DIVERSE
416440594, DIVERSE
418443466, DIVERSE
419233834, DIVERSE
421110584, DIVERSE
425687930, DIVERSE
425912197, DIVERSE
432424572, DIVERSE
432618159, DIVERSE
432844043, PROPAGANDA
446318129, DIVERSE
450704412, DIVERSE
455143024, DIVERSE
458777194, DIVERSE
460729951, DIVERSE
464820783, DIVERSE
469544027, DIVERSE
476356296, DIVERSE
490086192, PROPAGANDA
491283324, DIVERSE
501961323, DIVERSE
518476056, DIVERSE
526343521, DIVERSE
549912548, DIVERSE
552909996, DIVERSE
563885375, DIVERSE
567229050, DIVERSE
567564394, DIVERSE
575277349, DIVERSE
586845018, DIVERSE
592314798, DIVERSE
597101298, DIVERSE
608149239, DIVERSE
615314107, DIVERSE
622054128, DIVERSE
624557599, DIVERSE
624686972, DIVERSE
625407310, DIVERSE
634658827, DIVERSE
635576995, DIVERSE
701054891, DIVERSE
709327033, DIVERSE
728704327, DIVERSE
737493661, DIVERSE
754335954, DIVERSE
783313538, DIVERSE
787211599, DIVERSE
793643882, DIVERSE
836508619, DIVERSE
856930862, DIVERSE
857868018, DIVERSE
889171106, DIVERSE
916943462, DIVERSE
927351564, DIVERSE
930331530, DIVERSE
933132060, DIVERSE
941413286, DIVERSE
950322907, DIVERSE
961361910, DIVERSE
974476958, DIVERSE
999015997, DIVERSE
1002650592, DIVERSE
1002844374, DIVERSE
1018255609, DIVERSE
1050858158, DIVERSE
1061600605, DIVERSE
1092542761, DIVERSE
1106086345, DIVERSE
1133951125, DIVERSE
1134792108, DIVERSE
1136829066, DIVERSE
1149393944, DIVERSE
1157901540, DIVERSE
1173187458, DIVERSE
1183658534, DIVERSE
1191248822, DIVERSE
1203080628, DIVERSE
1257203264, DIVERSE
1269489475, DIVERSE
1278543582, DIVERSE
1280752188, DIVERSE
1311797288, DIVERSE
1340284172, DIVERSE
1385863352, DIVERSE
1402376521, DIVERSE
1419142478, DIVERSE
1419314353, DIVERSE
1428355872, PROPAGANDA
1438404972, DIVERSE
1460798930, DIVERSE
1529698447, DIVERSE
1570421118, DIVERSE
1573631304, DIVERSE
1591529323, DIVERSE
1611310730, DIVERSE
1641459038, DIVERSE
1654242836, DIVERSE
1664756965, DIVERSE
1674182551, DIVERSE
1684309638, DIVERSE
1697458044, DIVERSE
1704039354, DIVERSE
1707859914, DIVERSE
1728380701, DIVERSE
1729699520, DIVERSE
1837931984, NON_PROPAGANDA
1843123872, DIVERSE
1887896845, DIVERSE
1900215307, DIVERSE
1904138971, DIVERSE
1927514377, DIVERSE
1938878996, DIVERSE
1968672823, DIVERSE
2154420058, DIVERSE
2155529002, DIVERSE
2156589938, DIVERSE
2165607934, DIVERSE
2176137460, DIVERSE
2192614378, DIVERSE
2219659092, DIVERSE
2223258386, DIVERSE
2224962036, DIVERSE
2243855627, DIVERSE
2249591503, DIVERSE
2258288874, DIVERSE
2263209383, DIVERSE
2277166103, DIVERSE
2291448871, DIVERSE
2292758505, DIVERSE
2319472112, DIVERSE
2327623608, DIVERSE
2352970223, DIVERSE
2355396143, DIVERSE
2371981753, DIVERSE
2399339752, DIVERSE
2412528170, DIVERSE
2414842548, DIVERSE
2433468680, DIVERSE
2437605457, DIVERSE
2453890849, DIVERSE
2475077852, DIVERSE
2484697919, DIVERSE
2503914708, DIVERSE
2506738925, DIVERSE
2544099769, DIVERSE
2573151897, DIVERSE
2580174954, DIVERSE
2587029252, DIVERSE
2592887184, DIVERSE
2594563700, DIVERSE
2605741696, DIVERSE
2622566769, DIVERSE
2699106120, DIVERSE
2742009028, DIVERSE
2757004405, DIVERSE
2793115700, DIVERSE
2820698229, DIVERSE
2832605863, DIVERSE
2843702977, DIVERSE
2861144914, DIVERSE
2879877703, DIVERSE
2906797270, DIVERSE
2909107988, DIVERSE
2910159072, DIVERSE
2912596930, DIVERSE
2926325320, DIVERSE
2946131592, DIVERSE
2951658069, DIVERSE
2954089838, DIVERSE
2955998474, DIVERSE
2971173940, DIVERSE
3001841688, DIVERSE
3003603519, DIVERSE
3018337576, DIVERSE
3035120220, DIVERSE
3055703094, DIVERSE
3059821312, DIVERSE
3154036550, DIVERSE
3225123970, DIVERSE
3231024969, DIVERSE
3237687960, DIVERSE
3260615157, DIVERSE
3293436133, DIVERSE
3295932755, NON_PROPAGANDA
3303310637, DIVERSE
3318544431, DIVERSE
3323870657, DIVERSE
3401597293, DIVERSE
3413314515, DIVERSE
3435893926, DIVERSE
3638277432, DIVERSE
3709280421, DIVERSE
3802891169, DIVERSE
3816773441, DIVERSE
3978237134, DIVERSE
4035726395, DIVERSE
4047133943, DIVERSE
4243671285, DIVERSE
4269515135, DIVERSE
4381153354, DIVERSE
4482904751, DIVERSE
4544956708, DIVERSE
4579773377, DIVERSE
4784978140, DIVERSE
703288311155134465, DIVERSE
703603151274971136, DIVERSE
706217324563578881, DIVERSE
713103256742936576, DIVERSE
714769841673134082, DIVERSE
719277033503780865, DIVERSE
719721270070353921, DIVERSE
722433365517955072, NON_PROPAGANDA
724530619087245312, DIVERSE
726196189524295680, DIVERSE
726911179063451648, DIVERSE
727904477353783296, DIVERSE
729034544242933760, DIVERSE
731448075105996800, DIVERSE
732290670854017025, DIVERSE
733285152533647361, DIVERSE
735560020310544389, DIVERSE
736509061441703936, DIVERSE
736968449008766980, DIVERSE
739618227098095616, DIVERSE
740694544522608641, DIVERSE
741153195263692801, DIVERSE
742078695481970688, PROPAGANDA
742307620606889984, DIVERSE
742799027587174400, DIVERSE
744546109394124800, DIVERSE
745218282584678400, DIVERSE
765789381793841152, DIVERSE
771784838781206528, DIVERSE
773054843950927872, DIVERSE
783099007971262464, DIVERSE
787030926010249216, DIVERSE
787728263649034240, DIVERSE
794260826798559233, DIVERSE
794922212054749184, DIVERSE
795973119219499008, DIVERSE
796818000527687681, DIVERSE
797352935432867840, DIVERSE
798592068679593984, DIVERSE
799342685299638272, DIVERSE
799430289554624514, DIVERSE
800285974030782464, DIVERSE
800413017649266688, DIVERSE
803790087544770561, DIVERSE
804021283646304256, DIVERSE
805122193323683840, DIVERSE
807468851277496320, DIVERSE
812330176939966464, DIVERSE
815626754765258753, DIVERSE
818025535808962560, DIVERSE
819246519983472652, DIVERSE
819279278999240709, DIVERSE
821313315309834240, DIVERSE
824912061423611904, DIVERSE
826347794659160064, DIVERSE
830725698109263872, DIVERSE
837081771472715781, DIVERSE
837684644837457920, DIVERSE
839466290217648128, DIVERSE
844546626299609088, DIVERSE
847360297660579840, DIVERSE
850417281494593537, DIVERSE
859522521238040576, DIVERSE
860509901046640644, DIVERSE
868110137894088704, NON_PROPAGANDA
868295152451891200, DIVERSE
876980951078899713, NON_PROPAGANDA
884762354432475136, DIVERSE
885742228731285504, DIVERSE
887472753405825024, DIVERSE
899998182435893248, DIVERSE
900058096034361345, DIVERSE
902323985102319616, DIVERSE
907721180538384384, DIVERSE
915384226270375943, DIVERSE
917483946165915650, DIVERSE
918597513640374272, DIVERSE
918649573291298816, DIVERSE
919293220542124032, DIVERSE
925090271116824577, DIVERSE
925373976905420801, DIVERSE
925687944412884992, PROPAGANDA
925889904248344576, DIVERSE
928025225769443329, DIVERSE
929811697308717062, DIVERSE
930125137269198850, DIVERSE
931008157475835904, DIVERSE
934228610772324352, DIVERSE
934395557531082752, DIVERSE
941396980865093632, DIVERSE
942394622797639680, DIVERSE
943405190279061504, DIVERSE
944666930073489408, DIVERSE
945764896888819712, DIVERSE
945774593679220742, PROPAGANDA
947155722579693569, DIVERSE
949076624414212109, DIVERSE
950838039718367233, DIVERSE
952172276732039168, DIVERSE
954041968333672449, DIVERSE
955186904714170371, DIVERSE
955498665891778568, DIVERSE
956317748791070720, DIVERSE
957207184282136578, DIVERSE
958368530843529216, NON_PROPAGANDA
960429091211145217, DIVERSE
960566026525081601, DIVERSE
960943194761498624, DIVERSE
962341685027065856, DIVERSE
962647623567110144, DIVERSE
962708176054472704, DIVERSE
962710365393080320, DIVERSE
963325885821702144, DIVERSE
964085293455462402, DIVERSE
967047168560435205, DIVERSE
967173540658237440, DIVERSE
967817169143828490, DIVERSE
968143264674205696, DIVERSE
968736754206433280, DIVERSE
968787409730265088, DIVERSE
970362267073155073, DIVERSE
971469536724770817, DIVERSE
972523298700627969, DIVERSE
973135425660432386, DIVERSE
973417924257091584, DIVERSE
973542458637381632, DIVERSE
974207994694176769, DIVERSE
974227406390210562, DIVERSE
974405745688170497, DIVERSE
974739644154867712, DIVERSE
974952462405783552, DIVERSE
975159819828125698, DIVERSE
976913351556165632, DIVERSE
977657818613452801, DIVERSE
977916662753226753, DIVERSE
978018490803261442, DIVERSE
978402835476992000, DIVERSE
