id, node_color
608583, AGAINST
6529172, AGAINST
8283682, AGAINST
8306652, AGAINST
10841542, DIVERSE
14327636, AGAINST
14368769, AGAINST
14642277, AGAINST
15229047, AGAINST
15459631, AGAINST
15944292, AGAINST
18567793, AGAINST
18725815, AGAINST
19100952, AGAINST
20755611, AGAINST
20914880, DIVERSE
24511488, AGAINST
27600935, AGAINST
27866014, AGAINST
29132222, AGAINST
33278557, AGAINST
33616444, AGAINST
36636494, DIVERSE
39448872, AGAINST
40701142, AGAINST
42188352, AGAINST
42196320, FOR
42432365, AGAINST
42826901, DIVERSE
43590166, AGAINST
44450457, AGAINST
44650657, AGAINST
45939351, AGAINST
49286622, AGAINST
49605381, DIVERSE
49618611, AGAINST
50426168, AGAINST
50613144, AGAINST
52017541, AGAINST
52032722, DIVERSE
52357763, DIVERSE
52711966, AGAINST
53059376, DIVERSE
53685584, AGAINST
55509279, AGAINST
61826424, AGAINST
62397313, AGAINST
63512448, AGAINST
64048909, AGAINST
68512320, AGAINST
69948337, AGAINST
71516564, DIVERSE
76379893, AGAINST
77968716, AGAINST
78593879, AGAINST
79699691, AGAINST
80886145, AGAINST
80898912, AGAINST
81871859, AGAINST
85170290, AGAINST
87768852, AGAINST
89221733, DIVERSE
94774012, AGAINST
97999053, DIVERSE
103591569, DIVERSE
104147896, AGAINST
105556464, DIVERSE
109035884, DIVERSE
111426825, AGAINST
114748010, AGAINST
115884031, AGAINST
116179209, AGAINST
116416539, AGAINST
117999229, DIVERSE
118970094, DIVERSE
121237558, DIVERSE
125434176, AGAINST
125956386, AGAINST
126768770, AGAINST
127663103, AGAINST
128628690, DIVERSE
129024813, DIVERSE
129036006, AGAINST
130662012, AGAINST
130850511, DIVERSE
130857133, AGAINST
131418979, AGAINST
131605132, AGAINST
132686355, AGAINST
132882970, AGAINST
133021282, AGAINST
133266187, DIVERSE
135682539, AGAINST
136918688, AGAINST
137140334, DIVERSE
138579657, DIVERSE
140201736, AGAINST
146611926, AGAINST
149170207, AGAINST
149215500, AGAINST
150614592, DIVERSE
151965162, DIVERSE
152014217, AGAINST
152444281, AGAINST
152545759, AGAINST
153080729, AGAINST
156912934, AGAINST
157995709, AGAINST
161858629, DIVERSE
161944695, AGAINST
162309624, AGAINST
162327314, AGAINST
163567548, AGAINST
163850165, AGAINST
164979109, DIVERSE
166987829, AGAINST
167050566, AGAINST
168093060, AGAINST
170189638, AGAINST
174920833, AGAINST
178837438, AGAINST
181274223, DIVERSE
182563018, AGAINST
182662146, AGAINST
186237166, AGAINST
189570401, AGAINST
190505211, AGAINST
191269622, AGAINST
192040655, AGAINST
194911597, AGAINST
196689502, AGAINST
197893173, AGAINST
198440182, AGAINST
200374750, AGAINST
204050057, DIVERSE
204298620, DIVERSE
205254930, AGAINST
209214695, AGAINST
213738552, AGAINST
217084090, AGAINST
217743161, AGAINST
218000570, AGAINST
219594539, AGAINST
220614984, AGAINST
220792348, AGAINST
220934715, AGAINST
221022658, DIVERSE
222080436, AGAINST
222117821, AGAINST
222394861, AGAINST
223078695, AGAINST
223621664, AGAINST
225909670, AGAINST
226020906, AGAINST
226175033, AGAINST
226691487, AGAINST
228469418, AGAINST
229901274, AGAINST
229907034, AGAINST
229980720, DIVERSE
231443786, AGAINST
234745025, AGAINST
236134551, AGAINST
238492867, AGAINST
241243999, AGAINST
242673662, DIVERSE
242851900, DIVERSE
242959744, AGAINST
243102743, AGAINST
243119327, DIVERSE
243208344, DIVERSE
243419888, DIVERSE
243471823, AGAINST
243571016, AGAINST
243732995, AGAINST
244028777, AGAINST
244594939, AGAINST
244947603, AGAINST
245019407, AGAINST
245880979, DIVERSE
246214226, AGAINST
246243087, AGAINST
246403324, AGAINST
246683610, AGAINST
246813096, DIVERSE
246882277, AGAINST
247252383, DIVERSE
247527359, AGAINST
247898337, AGAINST
248188034, AGAINST
248757465, DIVERSE
248884898, AGAINST
248963596, AGAINST
249144163, DIVERSE
249546670, AGAINST
250102231, DIVERSE
250393044, AGAINST
250480066, AGAINST
250623436, AGAINST
251009806, AGAINST
252237611, AGAINST
254020714, DIVERSE
254408474, AGAINST
254951487, AGAINST
254994054, DIVERSE
255171304, AGAINST
255523638, AGAINST
255596200, AGAINST
255860716, AGAINST
255935216, DIVERSE
256068335, AGAINST
256207362, AGAINST
256421669, AGAINST
256442158, AGAINST
256523034, AGAINST
256580600, AGAINST
258483480, AGAINST
258699653, AGAINST
259649279, AGAINST
259659949, AGAINST
260096049, DIVERSE
260193123, AGAINST
261607775, AGAINST
262061244, AGAINST
262457844, AGAINST
262615853, AGAINST
263629900, AGAINST
263813012, AGAINST
264413642, AGAINST
264772799, AGAINST
265027110, AGAINST
265596724, AGAINST
266997566, AGAINST
267218707, AGAINST
267848534, AGAINST
267906742, AGAINST
268712649, AGAINST
268832429, AGAINST
268953271, AGAINST
269174281, AGAINST
270244439, AGAINST
270622245, AGAINST
272369295, AGAINST
272389242, AGAINST
274530882, DIVERSE
274895833, DIVERSE
275503021, AGAINST
277661209, AGAINST
277956841, AGAINST
279101963, AGAINST
280196332, AGAINST
280288703, AGAINST
281084015, AGAINST
281462367, DIVERSE
282936888, AGAINST
282977213, AGAINST
283287165, DIVERSE
284461465, AGAINST
288920632, AGAINST
289234977, AGAINST
289379917, AGAINST
290072000, AGAINST
290226508, AGAINST
290524547, AGAINST
291169000, AGAINST
294418317, DIVERSE
295836779, AGAINST
298512955, DIVERSE
301120393, FOR
301243249, AGAINST
310286511, AGAINST
310479767, AGAINST
310593498, AGAINST
310906519, AGAINST
311542609, AGAINST
312347512, DIVERSE
314811663, AGAINST
314926857, AGAINST
315241043, AGAINST
317517172, AGAINST
319164766, AGAINST
319901569, DIVERSE
320734801, AGAINST
321554110, AGAINST
321561389, AGAINST
325830721, AGAINST
326237471, AGAINST
326363801, AGAINST
327722701, FOR
328569046, AGAINST
329023858, DIVERSE
330343031, AGAINST
330352676, AGAINST
330557927, AGAINST
331237289, AGAINST
331605981, AGAINST
331786761, AGAINST
332756867, AGAINST
333686841, AGAINST
334099422, AGAINST
335244527, AGAINST
336030066, AGAINST
336851152, DIVERSE
342590655, AGAINST
343126997, AGAINST
343507403, AGAINST
343904121, AGAINST
344274318, AGAINST
344550622, AGAINST
345271861, AGAINST
345512012, AGAINST
349712542, AGAINST
352400028, DIVERSE
352489322, DIVERSE
352683068, AGAINST
353353174, AGAINST
353767713, AGAINST
353926417, AGAINST
357088550, AGAINST
357833688, AGAINST
358183099, AGAINST
360504984, AGAINST
361101198, AGAINST
363246406, FOR
364148636, AGAINST
366323924, AGAINST
368050163, AGAINST
369608964, DIVERSE
370043646, AGAINST
370093073, DIVERSE
370556715, DIVERSE
371131859, AGAINST
371389996, DIVERSE
372527272, AGAINST
375788728, AGAINST
377928553, AGAINST
378491470, AGAINST
378503263, AGAINST
378576171, AGAINST
379227005, AGAINST
379368218, AGAINST
379609075, AGAINST
379688979, AGAINST
380061130, DIVERSE
380255508, DIVERSE
382189483, AGAINST
384484673, AGAINST
385145252, AGAINST
385165870, AGAINST
386015858, DIVERSE
386787803, AGAINST
387909450, DIVERSE
387927222, AGAINST
388916830, AGAINST
390733132, AGAINST
392388189, DIVERSE
392951301, AGAINST
395332155, AGAINST
395963752, AGAINST
396383525, AGAINST
398702874, FOR
403178761, AGAINST
407034362, AGAINST
410955818, DIVERSE
414187574, DIVERSE
415414097, DIVERSE
415462839, AGAINST
415911609, AGAINST
416523314, AGAINST
417213854, AGAINST
418213556, AGAINST
420646174, AGAINST
421721826, DIVERSE
421948657, DIVERSE
422243918, AGAINST
424718248, AGAINST
427024377, AGAINST
429612199, AGAINST
430514836, AGAINST
430793406, AGAINST
431543414, AGAINST
432618159, DIVERSE
432713951, AGAINST
435117014, AGAINST
436671935, AGAINST
437017238, DIVERSE
437292351, AGAINST
438582009, DIVERSE
439811695, AGAINST
440122776, AGAINST
440647814, AGAINST
446049669, AGAINST
458777194, FOR
459703729, AGAINST
459776364, DIVERSE
464563200, AGAINST
464834664, DIVERSE
468153566, AGAINST
473859642, AGAINST
476847191, DIVERSE
481354959, AGAINST
481529851, AGAINST
481609647, AGAINST
482105140, AGAINST
483402680, AGAINST
483431901, AGAINST
483724549, AGAINST
485085414, AGAINST
486069667, AGAINST
487707785, AGAINST
491612291, AGAINST
495367778, DIVERSE
496276579, AGAINST
499351315, AGAINST
500066930, AGAINST
501849447, AGAINST
502047042, DIVERSE
510942690, AGAINST
518031010, AGAINST
519909009, AGAINST
520272922, AGAINST
522201569, AGAINST
524731213, AGAINST
525333751, AGAINST
526196228, AGAINST
526343521, FOR
527442500, AGAINST
531611055, DIVERSE
532545728, AGAINST
533642320, DIVERSE
536702904, AGAINST
538720053, AGAINST
544113553, AGAINST
545093430, AGAINST
549218237, AGAINST
549256555, AGAINST
550347149, AGAINST
550371686, AGAINST
552382833, AGAINST
554549430, AGAINST
554723415, AGAINST
556373914, AGAINST
562118950, AGAINST
568568619, AGAINST
568804854, AGAINST
572618600, AGAINST
573075621, AGAINST
573458208, AGAINST
575277349, DIVERSE
576270412, AGAINST
578220534, AGAINST
578919588, AGAINST
581865119, DIVERSE
581967281, AGAINST
583005535, AGAINST
590191382, AGAINST
591196931, AGAINST
592306392, AGAINST
592392999, AGAINST
596581800, AGAINST
601191079, DIVERSE
603082887, AGAINST
605402003, AGAINST
606420860, AGAINST
608266275, AGAINST
608572360, AGAINST
609270665, AGAINST
612969433, AGAINST
614221772, AGAINST
615071966, DIVERSE
615186194, AGAINST
616278725, DIVERSE
619847327, AGAINST
620487287, AGAINST
622118806, AGAINST
622348967, AGAINST
622417532, AGAINST
623904051, AGAINST
625407310, AGAINST
626601627, AGAINST
632085206, DIVERSE
632304281, AGAINST
632623996, AGAINST
700268907, AGAINST
704142304, AGAINST
704769648, AGAINST
711038648, AGAINST
712400879, AGAINST
714962101, AGAINST
715219325, DIVERSE
720002435, AGAINST
735620779, AGAINST
738285763, AGAINST
739030778, AGAINST
741455749, AGAINST
745581510, AGAINST
747924848, AGAINST
751297867, AGAINST
753906842, AGAINST
758852473, AGAINST
768971358, AGAINST
787211599, DIVERSE
795081842, AGAINST
809369942, AGAINST
809659196, FOR
809922679, AGAINST
811802395, AGAINST
812990610, AGAINST
819416377, AGAINST
840216872, AGAINST
843208044, DIVERSE
854128322, AGAINST
859272506, AGAINST
861210284, AGAINST
863612714, AGAINST
875609286, AGAINST
888703964, AGAINST
889171106, DIVERSE
897844728, AGAINST
906866023, AGAINST
916943462, AGAINST
919212780, AGAINST
919558969, DIVERSE
924299539, AGAINST
934906862, AGAINST
935864377, AGAINST
950322907, DIVERSE
957224466, AGAINST
958119553, AGAINST
963234216, AGAINST
964463690, AGAINST
969088477, AGAINST
970982930, AGAINST
973884542, AGAINST
981511208, AGAINST
993662516, AGAINST
993931494, AGAINST
996122023, DIVERSE
996705444, DIVERSE
999015997, DIVERSE
1000989876, AGAINST
1008813240, AGAINST
1011040237, AGAINST
1013233826, AGAINST
1029035317, AGAINST
1030333256, AGAINST
1032833845, AGAINST
1036058359, AGAINST
1052578063, AGAINST
1060619030, AGAINST
1061100446, DIVERSE
1063037390, AGAINST
1063501603, AGAINST
1085435814, AGAINST
1093767823, AGAINST
1099748508, AGAINST
1101014828, AGAINST
1104768397, AGAINST
1105943366, AGAINST
1108928515, AGAINST
1113619861, AGAINST
1119263600, DIVERSE
1137203731, DIVERSE
1161176832, AGAINST
1166384598, AGAINST
1166409830, AGAINST
1173362298, AGAINST
1183658534, DIVERSE
1189461486, AGAINST
1191248822, DIVERSE
1200538506, AGAINST
1207919964, AGAINST
1226994534, AGAINST
1236800431, AGAINST
1240205702, AGAINST
1246174524, AGAINST
1251345889, AGAINST
1251438439, AGAINST
1263094303, AGAINST
1280310883, DIVERSE
1296960493, AGAINST
1303005234, AGAINST
1303786886, AGAINST
1317266480, AGAINST
1318153052, DIVERSE
1326981402, AGAINST
1340443376, AGAINST
1349972984, AGAINST
1355953423, AGAINST
1360578446, AGAINST
1361073216, AGAINST
1376939318, AGAINST
1381199558, AGAINST
1395421332, AGAINST
1396519771, AGAINST
1400907450, AGAINST
1424688720, AGAINST
1426692180, AGAINST
1427648372, AGAINST
1431769220, AGAINST
1440298837, AGAINST
1454872188, AGAINST
1459585362, AGAINST
1470760464, AGAINST
1470804174, AGAINST
1472502848, AGAINST
1488432072, AGAINST
1490098242, AGAINST
1493442871, AGAINST
1506170269, DIVERSE
1514809514, DIVERSE
1517969179, AGAINST
1540497632, AGAINST
1546014914, AGAINST
1547091498, AGAINST
1548491077, AGAINST
1560131940, AGAINST
1566043386, AGAINST
1566671071, DIVERSE
1574581346, AGAINST
1574912846, AGAINST
1584034387, AGAINST
1586756136, AGAINST
1595891612, AGAINST
1613488194, DIVERSE
1617648258, DIVERSE
1618540088, AGAINST
1626919872, AGAINST
1640812638, AGAINST
1641459038, DIVERSE
1645195868, AGAINST
1657103328, AGAINST
1658511798, AGAINST
1661377213, AGAINST
1666466142, AGAINST
1694999226, AGAINST
1695764412, AGAINST
1697146644, AGAINST
1697871608, AGAINST
1707859914, DIVERSE
1709797950, DIVERSE
1719662808, AGAINST
1720125462, AGAINST
1730233058, DIVERSE
1733276496, AGAINST
1735790797, AGAINST
1736408882, AGAINST
1837931984, DIVERSE
1849058480, AGAINST
1849797510, DIVERSE
1871994199, DIVERSE
1878562543, AGAINST
1882292730, AGAINST
1890498895, DIVERSE
1895162918, AGAINST
1896335052, DIVERSE
1904138971, DIVERSE
1909029067, AGAINST
1913920926, DIVERSE
1926767940, AGAINST
1927400568, AGAINST
1927514377, DIVERSE
1935523375, AGAINST
1953180458, AGAINST
2149630553, AGAINST
2160576675, AGAINST
2162554985, AGAINST
2165403949, DIVERSE
2166981103, AGAINST
2167106031, AGAINST
2172260604, DIVERSE
2189769496, AGAINST
2198055650, AGAINST
2198625015, AGAINST
2211328200, AGAINST
2224708782, AGAINST
2228216012, DIVERSE
2230175442, AGAINST
2249591503, DIVERSE
2258488364, AGAINST
2270631548, AGAINST
2277166103, DIVERSE
2284288810, AGAINST
2288405310, DIVERSE
2289467889, AGAINST
2291448871, AGAINST
2299297918, AGAINST
2314172500, AGAINST
2316138426, DIVERSE
2327623608, DIVERSE
2340138522, DIVERSE
2342542776, AGAINST
2342717281, AGAINST
2352237175, DIVERSE
2353894106, AGAINST
2357595545, AGAINST
2360175272, AGAINST
2363005662, AGAINST
2363235394, AGAINST
2364563267, AGAINST
2365355835, AGAINST
2374027984, AGAINST
2376282847, AGAINST
2380259108, AGAINST
2381708388, AGAINST
2385064642, AGAINST
2388406847, AGAINST
2388867149, AGAINST
2399311781, AGAINST
2410365049, AGAINST
2411542944, AGAINST
2416334342, AGAINST
2416457958, AGAINST
2418269809, DIVERSE
2418703358, AGAINST
2418784220, AGAINST
2426506130, AGAINST
2427477432, AGAINST
2428402337, AGAINST
2429074505, AGAINST
2430324679, AGAINST
2443666806, AGAINST
2446496337, AGAINST
2449380489, DIVERSE
2458281210, AGAINST
2461977153, AGAINST
2464852529, AGAINST
2464863239, AGAINST
2465185377, DIVERSE
2468130040, AGAINST
2470458001, AGAINST
2470783842, DIVERSE
2471568628, AGAINST
2478566467, AGAINST
2481572461, AGAINST
2484697919, DIVERSE
2485093470, AGAINST
2493490788, AGAINST
2503819670, AGAINST
2520890328, AGAINST
2524341163, DIVERSE
2531293767, AGAINST
2535257764, AGAINST
2538595956, AGAINST
2543403804, DIVERSE
2543615102, AGAINST
2555765855, AGAINST
2573151897, DIVERSE
2582582359, DIVERSE
2583334834, AGAINST
2587316259, AGAINST
2591216228, AGAINST
2594563700, DIVERSE
2595645826, AGAINST
2606433163, AGAINST
2608918090, AGAINST
2622566769, DIVERSE
2625665632, AGAINST
2648825498, AGAINST
2664975498, AGAINST
2675399599, AGAINST
2675776565, AGAINST
2699106120, AGAINST
2708722811, AGAINST
2719968489, DIVERSE
2722997103, AGAINST
2731000026, AGAINST
2744430826, AGAINST
2744827091, AGAINST
2748553329, AGAINST
2779278371, AGAINST
2789048962, AGAINST
2792349332, AGAINST
2793115700, DIVERSE
2798670142, AGAINST
2802215540, AGAINST
2804397326, AGAINST
2826393688, AGAINST
2831726296, AGAINST
2832605863, DIVERSE
2838720622, AGAINST
2841137133, AGAINST
2842585587, AGAINST
2861823819, AGAINST
2865248262, AGAINST
2866272891, AGAINST
2870612512, DIVERSE
2872741702, AGAINST
2874700934, AGAINST
2877342273, AGAINST
2892122332, AGAINST
2892695221, AGAINST
2894176661, AGAINST
2896537596, AGAINST
2901108016, AGAINST
2907558513, DIVERSE
2910159072, DIVERSE
2912596930, DIVERSE
2913456233, AGAINST
2915049650, AGAINST
2915470771, AGAINST
2919382989, AGAINST
2923535000, AGAINST
2924767732, AGAINST
2926325320, DIVERSE
2940085139, AGAINST
2940890277, AGAINST
2944443368, AGAINST
2946699610, AGAINST
2948039338, AGAINST
2948787802, DIVERSE
2951616154, AGAINST
2956193849, AGAINST
2957674343, DIVERSE
2961168046, AGAINST
2961271367, AGAINST
2963523006, AGAINST
2965412949, AGAINST
2971583243, AGAINST
2982893235, AGAINST
2983160553, AGAINST
2985908904, AGAINST
2986339677, AGAINST
2986577561, AGAINST
3000152081, AGAINST
3005525607, AGAINST
3007770887, AGAINST
3011145972, AGAINST
3011963641, AGAINST
3018337576, DIVERSE
3019178194, AGAINST
3022912089, AGAINST
3025250434, AGAINST
3025528114, AGAINST
3026390393, AGAINST
3027289305, AGAINST
3027921242, DIVERSE
3039775581, AGAINST
3040557273, AGAINST
3049235678, AGAINST
3056082865, AGAINST
3060341377, AGAINST
3064728393, AGAINST
3066045905, AGAINST
3077244624, AGAINST
3078027188, AGAINST
3081675441, AGAINST
3095133758, AGAINST
3100137599, AGAINST
3114243035, AGAINST
3115757037, AGAINST
3119004789, AGAINST
3119818865, AGAINST
3134644380, AGAINST
3141750279, DIVERSE
3143244397, AGAINST
3151831602, AGAINST
3154036550, DIVERSE
3157768360, AGAINST
3175675275, AGAINST
3181456886, AGAINST
3193286881, DIVERSE
3197567456, AGAINST
3207461229, AGAINST
3215252344, DIVERSE
3220970508, AGAINST
3221317469, AGAINST
3226557659, AGAINST
3232337507, AGAINST
3236293620, AGAINST
3240818436, AGAINST
3242387294, AGAINST
3257060822, AGAINST
3260466392, AGAINST
3260615157, DIVERSE
3266531900, AGAINST
3272597275, AGAINST
3290903817, AGAINST
3291811287, AGAINST
3293075014, AGAINST
3302470884, AGAINST
3302906345, AGAINST
3303310637, DIVERSE
3304869099, AGAINST
3311372984, AGAINST
3311615458, AGAINST
3313419237, AGAINST
3313910608, AGAINST
3316623748, DIVERSE
3324449123, AGAINST
3329327105, AGAINST
3329476545, DIVERSE
3332689953, AGAINST
3337356485, AGAINST
3340103573, AGAINST
3343382951, AGAINST
3347320030, DIVERSE
3349586973, AGAINST
3349890670, AGAINST
3352468181, AGAINST
3354184180, AGAINST
3364190599, AGAINST
3365795979, AGAINST
3370859649, AGAINST
3378057095, AGAINST
3378254345, AGAINST
3380064045, AGAINST
3384417664, AGAINST
3385639619, AGAINST
3392052263, DIVERSE
3396322023, AGAINST
3397313500, AGAINST
3401040687, AGAINST
3401597293, DIVERSE
3402072700, AGAINST
3402981856, AGAINST
3403259115, AGAINST
3406395203, DIVERSE
3413479205, AGAINST
3428669229, AGAINST
3433479285, AGAINST
3433706637, AGAINST
3435893926, FOR
3440420172, DIVERSE
3461335888, AGAINST
3541279873, AGAINST
3601510515, AGAINST
3604464388, AGAINST
3623556741, DIVERSE
3629819656, AGAINST
3651919095, DIVERSE
3666388997, AGAINST
3696325587, AGAINST
3816773441, DIVERSE
3853065615, AGAINST
3870664763, AGAINST
3895948882, AGAINST
3904142384, AGAINST
3910944521, AGAINST
3927839296, DIVERSE
3941902707, AGAINST
3972631527, AGAINST
3978237134, DIVERSE
3985092538, AGAINST
3986975423, AGAINST
3989755431, AGAINST
3994699103, AGAINST
4015698976, AGAINST
4042390085, AGAINST
4060114758, AGAINST
4099696313, AGAINST
4100038156, AGAINST
4120728443, DIVERSE
4136045187, AGAINST
4138466860, AGAINST
4156639517, AGAINST
4180805981, AGAINST
4218030455, AGAINST
4224814985, AGAINST
4228635573, AGAINST
4229434217, AGAINST
4250884757, AGAINST
4258462703, AGAINST
4279174276, AGAINST
4285870036, AGAINST
4285967734, AGAINST
4305721043, AGAINST
4332047417, AGAINST
4351595421, AGAINST
4361411607, AGAINST
4393339913, AGAINST
4424993302, AGAINST
4434423495, AGAINST
4475189547, AGAINST
4479261983, DIVERSE
4486485741, AGAINST
4518940954, AGAINST
4527473242, AGAINST
4530401955, AGAINST
4568505153, AGAINST
4569952396, DIVERSE
4575745823, AGAINST
4579950681, AGAINST
4597730957, AGAINST
4599873994, AGAINST
4600174587, AGAINST
4603135960, AGAINST
4616062457, AGAINST
4621926136, DIVERSE
4627794393, DIVERSE
4643082382, DIVERSE
4691758902, AGAINST
4697977214, AGAINST
4729581921, AGAINST
4730976502, AGAINST
4822715015, AGAINST
4826532453, AGAINST
4829464306, AGAINST
4830608535, AGAINST
4832741807, AGAINST
4838379383, AGAINST
4846931817, AGAINST
4854672736, AGAINST
4855232039, AGAINST
4866510309, AGAINST
4877312859, AGAINST
4881104038, AGAINST
4890834491, AGAINST
4892233569, AGAINST
4909754860, AGAINST
4916307257, AGAINST
701513183677325316, AGAINST
702481993464942592, AGAINST
704709279631208448, DIVERSE
704959000744431617, AGAINST
705246830200758272, AGAINST
705321904224210945, AGAINST
705810822891749376, AGAINST
706955613838905345, DIVERSE
707693514835042305, AGAINST
709106146389442560, AGAINST
709433187718582272, AGAINST
710795964211195905, AGAINST
711303312604307456, AGAINST
711388231225446400, AGAINST
712048047782567936, AGAINST
712774455563526147, AGAINST
712845282355060736, AGAINST
712858242347622400, AGAINST
713691726418952194, AGAINST
713858794359504896, DIVERSE
715902644284424192, AGAINST
717463149079826432, AGAINST
720066254980149249, AGAINST
720409308832227329, AGAINST
720702821843222529, DIVERSE
720745824116977664, DIVERSE
721267544250834945, AGAINST
721769702134038530, AGAINST
722433365517955072, DIVERSE
722481611330203649, DIVERSE
722509711963267072, AGAINST
723542802706096128, AGAINST
724359488543809536, AGAINST
726375074488537089, DIVERSE
727065370998280192, DIVERSE
727194538176073728, AGAINST
730330516361236480, AGAINST
731380378687160320, AGAINST
731448075105996800, FOR
732095099153358848, AGAINST
732290670854017025, DIVERSE
733285152533647361, DIVERSE
733863428469620736, AGAINST
736968449008766980, DIVERSE
738233330760581120, AGAINST
739660228971659264, DIVERSE
740458446672285698, AGAINST
741153195263692801, DIVERSE
741384638229323776, AGAINST
742189387308539904, AGAINST
742386898958725121, DIVERSE
743132260870848512, AGAINST
744538543838617604, AGAINST
744665795003822080, AGAINST
745588261020704768, AGAINST
747013422907277312, AGAINST
748190789705031684, AGAINST
748725715751800832, AGAINST
748780068353110016, DIVERSE
749313844330233856, AGAINST
749792327355473920, AGAINST
750695890889900032, AGAINST
751838426647949312, AGAINST
752956262242017280, AGAINST
754179614315085824, AGAINST
754765156966666240, AGAINST
755088257923317761, AGAINST
756755186215968768, AGAINST
757569518298402816, AGAINST
757717328524083200, AGAINST
757851910653157376, DIVERSE
759888056673505280, DIVERSE
760120042705018880, AGAINST
760805201951481856, DIVERSE
760844042410176512, DIVERSE
761558944984756224, AGAINST
762361960092540928, AGAINST
762725046066507780, AGAINST
765044290296872960, AGAINST
765349804838756352, AGAINST
765472639842476033, AGAINST
765520766976786432, AGAINST
766408071434436608, AGAINST
767160079682531328, AGAINST
767870761705046016, AGAINST
768248794051903488, AGAINST
770642047820783617, AGAINST
770692900657197056, AGAINST
772188734678831104, AGAINST
772327304873779200, AGAINST
772836572018475010, AGAINST
773508245742911488, AGAINST
775016586780565504, AGAINST
776012774728142848, AGAINST
776096381832421376, AGAINST
777566219432038400, AGAINST
778881899716571136, AGAINST
779240326640836608, AGAINST
780331742817386496, AGAINST
780715582085672960, AGAINST
784015659801931777, AGAINST
785456605504663552, AGAINST
785587632541609985, AGAINST
786197576110440448, AGAINST
787776075153702912, AGAINST
789168545057824768, AGAINST
789763347533205504, AGAINST
790169741977616384, AGAINST
790245445087981568, AGAINST
790999436872777728, DIVERSE
791037133196787713, AGAINST
792426421146750976, DIVERSE
795361215514103808, AGAINST
795375184211574784, AGAINST
795557721177227264, DIVERSE
796104106620416001, AGAINST
797524712083558400, AGAINST
797794435685908480, AGAINST
799885460831145984, AGAINST
800953247020253184, AGAINST
801169863469334529, AGAINST
801824521330315265, DIVERSE
803328589353676801, AGAINST
803912062518915073, AGAINST
804387164591128576, AGAINST
804610631940898816, AGAINST
805021622012887040, DIVERSE
805075465291579392, AGAINST
807593332356579328, AGAINST
807860907623804928, AGAINST
809007545574625280, DIVERSE
809072416836222976, AGAINST
809487800387174400, AGAINST
811165624634318849, AGAINST
814833354935848960, AGAINST
815626754765258753, FOR
815690509444349953, AGAINST
816706108953948160, AGAINST
817719298865188864, AGAINST
821213254840160257, AGAINST
821827552696213504, DIVERSE
822466670388199425, AGAINST
823605113516425217, AGAINST
824222248311455744, AGAINST
824909265945165824, AGAINST
824912061423611904, DIVERSE
825362676775784448, AGAINST
825636427912400896, AGAINST
826045198392315904, AGAINST
826926409868333056, AGAINST
827158099505053696, AGAINST
827266046629339138, AGAINST
827643454071140354, AGAINST
827877724031184896, AGAINST
827997302254092289, AGAINST
828510089342365697, AGAINST
828814923539038209, AGAINST
830641828517015552, AGAINST
830725698109263872, DIVERSE
830968742695809025, AGAINST
831506113996677120, AGAINST
831893904064667648, AGAINST
832196648965115907, AGAINST
834903083549405184, AGAINST
835530364516974594, AGAINST
836883916216754177, DIVERSE
836939919671115776, AGAINST
837051114692440064, AGAINST
837113061785944064, AGAINST
837684644837457920, DIVERSE
838042200814546945, AGAINST
838088841873526785, AGAINST
838671100867461122, AGAINST
841262931803291649, AGAINST
842004888603262977, DIVERSE
842168943175454721, AGAINST
842777027698708480, AGAINST
843484448595283968, AGAINST
843538544853471235, DIVERSE
844262117490540544, AGAINST
844555257007001600, AGAINST
845028053885603842, AGAINST
845321922409889792, AGAINST
846572563018993665, AGAINST
847396460316340228, AGAINST
847963797054685184, AGAINST
850417281494593537, DIVERSE
851921822383820802, AGAINST
852294322506649602, AGAINST
852781138271588352, AGAINST
853026867321995270, AGAINST
853671578428682240, AGAINST
853988746395602944, DIVERSE
854432125893959680, AGAINST
854771347288883207, AGAINST
855835451252498437, AGAINST
855841262049476608, AGAINST
856178565125111808, AGAINST
856447379540783104, AGAINST
856884402063802368, AGAINST
859522521238040576, DIVERSE
859740721552781312, AGAINST
861362181144797184, AGAINST
861373346029678592, AGAINST
862369624117186560, AGAINST
863451042553450496, DIVERSE
863511095767687168, AGAINST
863815101958283265, AGAINST
865215235187191809, AGAINST
865303055578914817, DIVERSE
866337813448589313, AGAINST
866374459317420033, AGAINST
867443399162572801, AGAINST
867457022974885890, AGAINST
867536183571644418, AGAINST
867922545407864833, DIVERSE
868121776257105921, DIVERSE
869936090249035777, AGAINST
870997257688100868, AGAINST
871046787766857728, AGAINST
871733193120108545, AGAINST
871837395624316928, AGAINST
873165299637526529, AGAINST
873558166067441665, AGAINST
873762303958814720, AGAINST
874537101253070848, AGAINST
874756163732201472, AGAINST
875461809146298370, AGAINST
876245604392882176, DIVERSE
876565379140792321, DIVERSE
876831855831658496, DIVERSE
876950740136329217, AGAINST
876980951078899713, DIVERSE
877229398784696320, DIVERSE
878403483040395266, AGAINST
878585426990309377, AGAINST
878659707753332737, DIVERSE
879026248470712320, AGAINST
879315416031649792, AGAINST
880869365180227584, AGAINST
881544376803053569, AGAINST
881789061798797313, FOR
881914957654261761, DIVERSE
882006111834050561, AGAINST
882170370794696705, AGAINST
882423565752160256, AGAINST
882696229418930176, AGAINST
882875311624515584, AGAINST
882983595073306624, AGAINST
882999432916160513, AGAINST
883068157237182464, AGAINST
884904348005879808, AGAINST
885270735014563840, DIVERSE
885989434365292545, AGAINST
886035995266887680, AGAINST
886733531619176448, AGAINST
888884326363955200, AGAINST
889023757871964160, AGAINST
889101659040866309, DIVERSE
891012107780620288, AGAINST
891609063137697792, AGAINST
891615821725827072, AGAINST
891722940970131457, AGAINST
892805888054046725, AGAINST
893377523383508992, AGAINST
893850821590487040, AGAINST
895322441098174467, DIVERSE
895782680633253888, DIVERSE
895924705403731968, AGAINST
896640592234651649, AGAINST
896773324075933700, AGAINST
897128134310600705, AGAINST
897742743224627201, AGAINST
898122607257673728, AGAINST
899312179480080384, AGAINST
899381952394002433, AGAINST
900514318265065475, DIVERSE
901018731387768833, AGAINST
901228934230147075, AGAINST
901247972440199168, AGAINST
902323985102319616, DIVERSE
902471475101175809, AGAINST
902881752762515456, AGAINST
903010726813601794, DIVERSE
903241329316159488, AGAINST
904702873673531392, AGAINST
905037939427692545, AGAINST
905119529956716544, AGAINST
905174380728258560, AGAINST
905270455313080320, DIVERSE
905836138472103936, AGAINST
906528255238393856, AGAINST
906533204634460161, AGAINST
906798958462283777, AGAINST
907317486198149120, AGAINST
907329528388837376, AGAINST
907721180538384384, DIVERSE
909723254016835584, AGAINST
911696735919116288, AGAINST
911718398442209280, AGAINST
912457691162988545, AGAINST
913787422365888513, DIVERSE
915384226270375943, DIVERSE
916553749438529536, AGAINST
917288757975552002, AGAINST
917345666418073600, AGAINST
917483946165915650, DIVERSE
918196378232344576, AGAINST
918388134769020928, AGAINST
919073882488926208, AGAINST
919261528246902790, AGAINST
919671095921381377, AGAINST
919867989821935617, AGAINST
919886810943295488, AGAINST
920455419646087168, AGAINST
920687355421478912, AGAINST
921012105352040448, AGAINST
921191492311486464, DIVERSE
922159605098143744, AGAINST
922230328407752706, AGAINST
923618385996533760, DIVERSE
924476212147343360, DIVERSE
924528944103264257, AGAINST
924664421317861380, AGAINST
924687583275311105, AGAINST
925118207979073536, DIVERSE
926019314804813824, AGAINST
926533039810805760, AGAINST
926562070593785861, AGAINST
926572840610091008, AGAINST
926847793842589698, AGAINST
927036529922502657, DIVERSE
927064210437222400, AGAINST
927228888241098752, AGAINST
927505189426417664, AGAINST
927635587582001152, AGAINST
927971605711638528, AGAINST
928103143132590080, DIVERSE
928191620247441408, DIVERSE
928310052930424837, AGAINST
928549344218898433, AGAINST
928992621573427200, AGAINST
929399566264340480, AGAINST
929785539829563392, AGAINST
929811697308717062, DIVERSE
929830761565491201, AGAINST
930161452685647875, AGAINST
931121059818074112, DIVERSE
931169074754867201, AGAINST
931189794490679297, AGAINST
931202044710588417, AGAINST
931216082735652864, AGAINST
932638677129363457, AGAINST
933594228990627840, AGAINST
933849234721341440, AGAINST
934228610772324352, DIVERSE
934929429297618945, AGAINST
935288929959284736, DIVERSE
936223866912935936, DIVERSE
936283970156793856, AGAINST
936337718736547840, AGAINST
936602697503043584, AGAINST
936708483004665856, AGAINST
936982783662215170, AGAINST
937047285934026752, AGAINST
937312408074440710, AGAINST
937341944535142400, AGAINST
937359526503776258, AGAINST
938825247243079680, AGAINST
939526961549979653, AGAINST
939550569500479488, AGAINST
939980283532767233, AGAINST
940176746757984258, AGAINST
940356163065040897, AGAINST
940692947829510144, AGAINST
941396980865093632, DIVERSE
941690448757784576, AGAINST
941748940898291712, DIVERSE
942460836995567617, AGAINST
943154426067542017, AGAINST
943419169520934912, AGAINST
943845289839951872, AGAINST
943952945745408000, AGAINST
944166950829264898, AGAINST
944195658503852032, AGAINST
944677444115673088, AGAINST
946011088952483842, DIVERSE
946041514886619136, AGAINST
946473700660047873, AGAINST
946583484382040065, AGAINST
947155722579693569, DIVERSE
947160115202920449, AGAINST
947210308191490049, DIVERSE
947370612539961344, AGAINST
947486947563458560, AGAINST
947510147211022337, AGAINST
948179016363671553, AGAINST
948447377408643072, AGAINST
949341325333336065, AGAINST
949356486743986176, AGAINST
949420728281174016, AGAINST
949566209250521088, AGAINST
949756982805835779, AGAINST
949763848357203971, AGAINST
950072836030451712, AGAINST
950104586811068416, AGAINST
950478924945002497, DIVERSE
951095960498769920, AGAINST
951367763519524869, DIVERSE
951475967763066881, AGAINST
951868935678431232, AGAINST
951914825885634560, AGAINST
951943179745529858, AGAINST
952374208683806720, AGAINST
952982213280268289, AGAINST
953729153601294343, AGAINST
953796389590401024, AGAINST
954194621428649984, AGAINST
954292325903163392, DIVERSE
954613779697950721, AGAINST
954882276621537282, AGAINST
955094883479539712, AGAINST
955168578638155777, AGAINST
955244977352855552, DIVERSE
955488168031281152, AGAINST
955521618150920198, AGAINST
955828986038407169, DIVERSE
956421768117473280, AGAINST
956515009231769601, DIVERSE
956530362439684101, AGAINST
956605985203933184, AGAINST
956911750904975360, AGAINST
957164300052901888, AGAINST
957276735543873536, AGAINST
957538582679482369, DIVERSE
957577257484275712, AGAINST
957594310958026754, AGAINST
957664521035898880, AGAINST
957920238892396544, DIVERSE
958008823284994048, AGAINST
958142224302329856, AGAINST
958202940715683840, AGAINST
958368530843529216, DIVERSE
958415876516188161, AGAINST
958638040494346240, AGAINST
958724840277540864, AGAINST
959355311965593601, AGAINST
959376481142149121, AGAINST
959406431933001728, AGAINST
959469756171595776, AGAINST
959517609468354560, AGAINST
959560718382231552, AGAINST
959700891648647168, AGAINST
959803650062286848, AGAINST
960519143702368256, AGAINST
960610035016617987, AGAINST
960943194761498624, DIVERSE
961149133057863681, AGAINST
961227143958147072, AGAINST
962708176054472704, DIVERSE
962710365393080320, DIVERSE
962784273609691136, AGAINST
963325885821702144, DIVERSE
963498029255938048, AGAINST
963509798745538560, AGAINST
963860418803519488, AGAINST
964065052025290753, AGAINST
964232011228614656, AGAINST
964564521649131520, AGAINST
964573755723927553, AGAINST
964846688547622912, AGAINST
964980730324545537, DIVERSE
965000347914854400, AGAINST
965181763814346752, AGAINST
965355950461898752, AGAINST
965638727866470401, AGAINST
966291861160816640, AGAINST
966362321927983106, AGAINST
966988318775922689, AGAINST
967047168560435205, DIVERSE
967168992631762944, AGAINST
967314838799167489, AGAINST
967740300293820417, DIVERSE
967763020112855040, DIVERSE
968143264674205696, DIVERSE
968185730110492672, AGAINST
968339044840157185, AGAINST
968613494152220672, AGAINST
968719483471892481, AGAINST
969199442007150592, AGAINST
969294830991020039, AGAINST
969413490174758912, AGAINST
969589438744551424, AGAINST
969649988715282432, AGAINST
969699253349244944, AGAINST
969701438866841600, DIVERSE
969855764268572672, AGAINST
969940374172119041, AGAINST
970037206193786880, AGAINST
970212172272939008, AGAINST
970372123570171905, AGAINST
970400148751822848, AGAINST
970907570448760832, AGAINST
970985065164533760, AGAINST
971035351144894464, AGAINST
971191390670671873, AGAINST
971291298639613953, AGAINST
971469536724770817, DIVERSE
972036718487572480, AGAINST
972076498940252160, AGAINST
972145073407315970, DIVERSE
972212863728267264, AGAINST
972510449806823428, AGAINST
972523298700627969, DIVERSE
972878420609773569, AGAINST
972887127288623104, AGAINST
973120025027661824, AGAINST
973191894556606465, AGAINST
973267735374450688, AGAINST
973269184024104960, AGAINST
973274985593757697, AGAINST
973624484145057793, AGAINST
973640686066192386, AGAINST
973644650237124610, AGAINST
973665054372478976, AGAINST
973895605801160704, AGAINST
974227406390210562, DIVERSE
974357984838025216, AGAINST
974386042718564352, AGAINST
974551904045883392, AGAINST
974757106762113025, AGAINST
974842151493390338, AGAINST
974952462405783552, DIVERSE
975020035281444864, AGAINST
975105135411122178, AGAINST
975114821866803200, AGAINST
975121829684744192, AGAINST
975159819828125698, DIVERSE
975296737098326017, AGAINST
975384148608212992, AGAINST
975412950654705664, DIVERSE
975710529762324480, AGAINST
975721917729705987, AGAINST
975779554123026438, AGAINST
975863261957709826, AGAINST
975870933796782080, AGAINST
976002179310997505, AGAINST
976106931843715078, AGAINST
976300774916575233, AGAINST
977121560434790402, AGAINST
977213135026360320, AGAINST
977299177721024518, AGAINST
977325408382279681, AGAINST
977350862178803713, AGAINST
977508482361495552, AGAINST
977568644250193920, AGAINST
977649917924651009, AGAINST
977892207188377600, AGAINST
978022189139156992, AGAINST
978033070652755969, AGAINST
978046098865614849, AGAINST
978153064082309121, AGAINST
978216457845792768, FOR
978223469321220096, AGAINST
978249607389110273, AGAINST
978340608577277954, DIVERSE
978402835476992000, DIVERSE
978434573414621185, AGAINST
978683897696399361, AGAINST
978735594464477184, DIVERSE
