id, node_color
2201181, PROPAGANDA
2274201, DIVERSE
5536782, NON_PROPAGANDA
7970992, DIVERSE
8095632, PROPAGANDA
9930302, PROPAGANDA
14407142, PROPAGANDA
14487000, PROPAGANDA
14513512, DIVERSE
14803493, DIVERSE
15111744, DIVERSE
16248292, DIVERSE
16624525, DIVERSE
18252164, PROPAGANDA
18844673, DIVERSE
21854062, PROPAGANDA
22696589, PROPAGANDA
22855901, DIVERSE
33642558, DIVERSE
34350579, PROPAGANDA
35688611, PROPAGANDA
36636494, DIVERSE
40498330, PROPAGANDA
42105589, PROPAGANDA
42196320, DIVERSE
44860908, PROPAGANDA
47140440, PROPAGANDA
48280879, PROPAGANDA
49054004, PROPAGANDA
51096905, DIVERSE
51181826, DIVERSE
52032722, NON_PROPAGANDA
52067288, DIVERSE
52357763, DIVERSE
52695697, DIVERSE
53059376, DIVERSE
55387911, PROPAGANDA
56643210, PROPAGANDA
57967388, PROPAGANDA
58017260, DIVERSE
60688014, PROPAGANDA
61726222, PROPAGANDA
65614363, PROPAGANDA
71516564, DIVERSE
73813160, DIVERSE
75642402, DIVERSE
75997536, DIVERSE
77165468, PROPAGANDA
77685623, DIVERSE
77698661, PROPAGANDA
80573898, DIVERSE
80886145, NON_PROPAGANDA
82477460, DIVERSE
86266936, PROPAGANDA
89221733, DIVERSE
91777826, PROPAGANDA
93491791, DIVERSE
94607562, DIVERSE
97232128, DIVERSE
97508178, PROPAGANDA
98171528, PROPAGANDA
100201393, DIVERSE
103591569, PROPAGANDA
103973147, PROPAGANDA
104553834, PROPAGANDA
105556464, DIVERSE
106071386, PROPAGANDA
107686519, PROPAGANDA
109035884, DIVERSE
111304633, DIVERSE
116563859, PROPAGANDA
118970094, DIVERSE
119907791, PROPAGANDA
121237558, DIVERSE
122597939, DIVERSE
125273218, DIVERSE
129790596, DIVERSE
130850511, DIVERSE
132727343, PROPAGANDA
133266187, DIVERSE
133917845, PROPAGANDA
136371519, DIVERSE
136982031, DIVERSE
137140334, DIVERSE
138579657, DIVERSE
139646874, PROPAGANDA
142079464, PROPAGANDA
146159534, DIVERSE
148306893, DIVERSE
151208879, PROPAGANDA
157102137, PROPAGANDA
158534282, DIVERSE
160590039, PROPAGANDA
161113335, PROPAGANDA
161858629, DIVERSE
162385414, PROPAGANDA
163041731, DIVERSE
164709694, PROPAGANDA
165133475, PROPAGANDA
165908624, PROPAGANDA
166566887, PROPAGANDA
167231567, DIVERSE
167990892, DIVERSE
168755227, DIVERSE
171244078, DIVERSE
173308078, PROPAGANDA
174594415, DIVERSE
177154260, PROPAGANDA
178268100, PROPAGANDA
179131660, PROPAGANDA
179897514, DIVERSE
181274223, DIVERSE
182473366, DIVERSE
188340836, PROPAGANDA
189890093, PROPAGANDA
191803770, DIVERSE
195793173, DIVERSE
198597387, DIVERSE
202923888, DIVERSE
203141184, DIVERSE
204298620, DIVERSE
210830814, PROPAGANDA
211230263, PROPAGANDA
211327080, PROPAGANDA
216072176, PROPAGANDA
216289357, PROPAGANDA
217263597, DIVERSE
217903646, PROPAGANDA
218447421, PROPAGANDA
218686571, PROPAGANDA
219502737, PROPAGANDA
220892003, DIVERSE
221022658, DIVERSE
221632853, PROPAGANDA
223542220, PROPAGANDA
224597174, DIVERSE
226571407, PROPAGANDA
228504747, PROPAGANDA
229980720, DIVERSE
230702066, DIVERSE
230971152, DIVERSE
234001751, PROPAGANDA
237020752, PROPAGANDA
237826721, DIVERSE
238897491, DIVERSE
239600665, PROPAGANDA
239703819, PROPAGANDA
240383600, PROPAGANDA
242673662, DIVERSE
243119327, DIVERSE
243253280, PROPAGANDA
243413591, PROPAGANDA
243419888, DIVERSE
243589241, DIVERSE
243687497, DIVERSE
243715559, PROPAGANDA
243767514, PROPAGANDA
243775933, DIVERSE
244117351, DIVERSE
245880979, DIVERSE
246007472, DIVERSE
246151121, PROPAGANDA
246188109, DIVERSE
246317561, PROPAGANDA
246401119, DIVERSE
246470691, PROPAGANDA
246559862, PROPAGANDA
246702519, PROPAGANDA
246747627, DIVERSE
246754124, DIVERSE
246784076, PROPAGANDA
246974197, PROPAGANDA
247227134, DIVERSE
247252383, DIVERSE
247264510, PROPAGANDA
247468980, DIVERSE
247786110, PROPAGANDA
247842392, PROPAGANDA
247912552, DIVERSE
248100375, PROPAGANDA
248188034, DIVERSE
248296799, DIVERSE
248380989, PROPAGANDA
248788313, PROPAGANDA
249073389, DIVERSE
249086420, PROPAGANDA
249144163, DIVERSE
249654545, DIVERSE
249920087, PROPAGANDA
250234024, DIVERSE
250277785, PROPAGANDA
250295048, DIVERSE
250583785, PROPAGANDA
250615892, PROPAGANDA
250804389, PROPAGANDA
251100437, DIVERSE
251802413, DIVERSE
252254904, DIVERSE
252470942, PROPAGANDA
252957203, DIVERSE
253238222, PROPAGANDA
253670459, PROPAGANDA
254223005, NON_PROPAGANDA
254665376, DIVERSE
254681551, DIVERSE
255247533, PROPAGANDA
255587866, DIVERSE
255747184, PROPAGANDA
255935216, DIVERSE
256028009, PROPAGANDA
256502193, PROPAGANDA
257109468, DIVERSE
257257669, DIVERSE
257449330, DIVERSE
257474300, PROPAGANDA
257651159, DIVERSE
257841422, DIVERSE
258090997, DIVERSE
258341683, PROPAGANDA
258366073, DIVERSE
258712643, PROPAGANDA
258941240, DIVERSE
259044967, PROPAGANDA
259512427, PROPAGANDA
259617134, DIVERSE
259811618, DIVERSE
260096049, DIVERSE
260454625, DIVERSE
260723375, DIVERSE
260801128, PROPAGANDA
261195951, DIVERSE
261730716, PROPAGANDA
262222255, DIVERSE
262819428, DIVERSE
263099022, PROPAGANDA
263431314, DIVERSE
263543391, DIVERSE
263728080, PROPAGANDA
263891746, DIVERSE
264497768, DIVERSE
266127584, PROPAGANDA
267086129, DIVERSE
267714517, DIVERSE
268545568, DIVERSE
269267683, PROPAGANDA
269512392, DIVERSE
270807858, PROPAGANDA
270847696, PROPAGANDA
271063299, PROPAGANDA
271127943, DIVERSE
272066797, PROPAGANDA
274530882, DIVERSE
274895833, DIVERSE
275423516, PROPAGANDA
275694766, DIVERSE
275942684, DIVERSE
276107545, PROPAGANDA
277173857, DIVERSE
277558388, PROPAGANDA
279992686, PROPAGANDA
280393461, DIVERSE
280434016, DIVERSE
280438883, PROPAGANDA
280541144, DIVERSE
280664663, PROPAGANDA
280996498, DIVERSE
281097403, PROPAGANDA
281160360, DIVERSE
281269490, DIVERSE
281963698, PROPAGANDA
282065689, DIVERSE
282220110, PROPAGANDA
283675957, PROPAGANDA
284655413, DIVERSE
284752825, PROPAGANDA
285620504, DIVERSE
286577558, PROPAGANDA
287118704, PROPAGANDA
289818218, DIVERSE
290072000, DIVERSE
290178890, DIVERSE
290632880, DIVERSE
290722577, DIVERSE
291394918, PROPAGANDA
291708847, PROPAGANDA
291908441, DIVERSE
291935746, PROPAGANDA
293157670, DIVERSE
293534138, DIVERSE
293779755, NON_PROPAGANDA
294268960, PROPAGANDA
294513254, DIVERSE
295113790, DIVERSE
296264702, DIVERSE
297419374, DIVERSE
298445092, PROPAGANDA
298574946, PROPAGANDA
298664575, DIVERSE
301120393, DIVERSE
301883514, DIVERSE
303904518, PROPAGANDA
304997177, PROPAGANDA
305587868, DIVERSE
305604415, PROPAGANDA
306260807, DIVERSE
306967618, DIVERSE
308111146, DIVERSE
308416877, PROPAGANDA
310553563, PROPAGANDA
318266377, PROPAGANDA
319665785, PROPAGANDA
319901569, DIVERSE
320954038, DIVERSE
321000177, DIVERSE
321289331, PROPAGANDA
323870386, PROPAGANDA
324495928, PROPAGANDA
325675081, DIVERSE
326032237, PROPAGANDA
326074480, DIVERSE
326117650, DIVERSE
326987255, DIVERSE
327722701, DIVERSE
328206473, DIVERSE
329366011, PROPAGANDA
329681052, PROPAGANDA
331107509, PROPAGANDA
331206364, PROPAGANDA
332589385, DIVERSE
334057976, DIVERSE
334670309, DIVERSE
336851152, DIVERSE
339409458, DIVERSE
340968723, DIVERSE
343649021, PROPAGANDA
345288012, PROPAGANDA
346145376, DIVERSE
350342530, PROPAGANDA
351220076, PROPAGANDA
351328127, DIVERSE
351492201, PROPAGANDA
352276488, PROPAGANDA
352400028, DIVERSE
353011926, DIVERSE
354779022, PROPAGANDA
356329385, DIVERSE
357072061, PROPAGANDA
357239860, DIVERSE
358040356, DIVERSE
358428007, PROPAGANDA
359605953, DIVERSE
360771414, DIVERSE
362288996, PROPAGANDA
363246406, DIVERSE
363575015, DIVERSE
363845524, DIVERSE
368142886, DIVERSE
369608964, DIVERSE
370093073, DIVERSE
370539567, PROPAGANDA
370556715, DIVERSE
371296751, PROPAGANDA
373013500, PROPAGANDA
373866126, DIVERSE
374963228, PROPAGANDA
375468504, DIVERSE
375890746, PROPAGANDA
377062312, DIVERSE
377220633, DIVERSE
378231256, DIVERSE
380199423, DIVERSE
380547397, DIVERSE
381139190, PROPAGANDA
382207674, PROPAGANDA
382829962, PROPAGANDA
384230724, DIVERSE
384429991, DIVERSE
385315022, DIVERSE
385350273, DIVERSE
385535951, DIVERSE
386451877, PROPAGANDA
390731294, DIVERSE
390929996, DIVERSE
392738791, PROPAGANDA
394830809, DIVERSE
394864353, PROPAGANDA
396257932, PROPAGANDA
396409525, DIVERSE
396471243, PROPAGANDA
396819403, PROPAGANDA
397528198, DIVERSE
398171803, DIVERSE
398650978, PROPAGANDA
398702874, DIVERSE
399963628, DIVERSE
401936977, DIVERSE
402111181, PROPAGANDA
402577911, PROPAGANDA
402773034, PROPAGANDA
404218794, PROPAGANDA
407904632, PROPAGANDA
408901457, DIVERSE
410523759, PROPAGANDA
410955818, DIVERSE
411346195, DIVERSE
411514625, PROPAGANDA
413260037, PROPAGANDA
413841846, PROPAGANDA
414187574, DIVERSE
414702486, PROPAGANDA
415068032, PROPAGANDA
415414097, DIVERSE
415945099, PROPAGANDA
416440594, DIVERSE
416508799, PROPAGANDA
416907987, PROPAGANDA
417016643, PROPAGANDA
418129824, PROPAGANDA
418443466, DIVERSE
418661016, DIVERSE
418731185, PROPAGANDA
419233834, DIVERSE
419765116, PROPAGANDA
421110584, DIVERSE
421721826, DIVERSE
421890530, DIVERSE
424194891, PROPAGANDA
425687930, DIVERSE
425912197, DIVERSE
426343125, PROPAGANDA
427713095, PROPAGANDA
429054222, PROPAGANDA
429220230, DIVERSE
429746606, PROPAGANDA
429749064, PROPAGANDA
431337155, DIVERSE
432424572, DIVERSE
432618159, DIVERSE
432844043, DIVERSE
432897186, DIVERSE
433652865, PROPAGANDA
434211968, PROPAGANDA
436462735, PROPAGANDA
438582009, DIVERSE
439923979, PROPAGANDA
441092915, PROPAGANDA
441893248, DIVERSE
442823413, DIVERSE
442854414, PROPAGANDA
443215977, PROPAGANDA
443621240, PROPAGANDA
444875725, DIVERSE
445152825, DIVERSE
445293273, DIVERSE
446318129, DIVERSE
448374467, DIVERSE
450704412, DIVERSE
451334972, PROPAGANDA
452368170, DIVERSE
453103180, DIVERSE
453428269, DIVERSE
455143024, DIVERSE
455922779, PROPAGANDA
455986864, DIVERSE
456952968, DIVERSE
457628357, DIVERSE
458334386, DIVERSE
458777194, DIVERSE
460729951, DIVERSE
463854509, DIVERSE
464677630, DIVERSE
464820783, DIVERSE
464834664, DIVERSE
465003239, PROPAGANDA
465021404, PROPAGANDA
466365822, PROPAGANDA
466446202, PROPAGANDA
466891880, PROPAGANDA
469452662, DIVERSE
469544027, DIVERSE
475243789, DIVERSE
475258943, PROPAGANDA
476155432, DIVERSE
476356296, DIVERSE
476578025, PROPAGANDA
480730115, PROPAGANDA
482201683, PROPAGANDA
484041950, PROPAGANDA
487801792, PROPAGANDA
488502963, PROPAGANDA
490086192, PROPAGANDA
490278322, DIVERSE
490866101, DIVERSE
491283324, DIVERSE
493918460, PROPAGANDA
497289899, DIVERSE
497318529, DIVERSE
500669870, DIVERSE
501961323, DIVERSE
502727058, PROPAGANDA
504871395, DIVERSE
508780354, DIVERSE
508968685, PROPAGANDA
512983828, DIVERSE
516906022, PROPAGANDA
518174591, DIVERSE
518476056, DIVERSE
518633657, DIVERSE
520407281, DIVERSE
522443758, PROPAGANDA
524283877, DIVERSE
526343521, DIVERSE
527414250, PROPAGANDA
531611055, DIVERSE
532062445, DIVERSE
533642320, DIVERSE
536255416, DIVERSE
542066844, DIVERSE
542546670, PROPAGANDA
543094851, DIVERSE
544819364, PROPAGANDA
546253369, PROPAGANDA
546360880, PROPAGANDA
548331624, DIVERSE
549730386, PROPAGANDA
549912548, DIVERSE
551570668, DIVERSE
551775993, PROPAGANDA
552036793, PROPAGANDA
552747318, DIVERSE
552909996, DIVERSE
553785251, PROPAGANDA
561526649, DIVERSE
563885375, DIVERSE
567229050, DIVERSE
567564394, DIVERSE
572495887, PROPAGANDA
573759957, DIVERSE
575277349, DIVERSE
580784580, DIVERSE
581201435, PROPAGANDA
582824520, PROPAGANDA
582847221, PROPAGANDA
582983147, DIVERSE
584008851, PROPAGANDA
584173449, PROPAGANDA
585921481, PROPAGANDA
586845018, DIVERSE
587672411, DIVERSE
589312618, PROPAGANDA
589945080, DIVERSE
592031222, DIVERSE
592314798, DIVERSE
592430311, PROPAGANDA
592697482, PROPAGANDA
594373879, PROPAGANDA
595946021, DIVERSE
596462582, PROPAGANDA
597101298, DIVERSE
599267971, PROPAGANDA
600360975, PROPAGANDA
601191079, DIVERSE
603664587, DIVERSE
608149239, DIVERSE
612992455, PROPAGANDA
615314107, DIVERSE
616278725, DIVERSE
618397880, PROPAGANDA
620475726, DIVERSE
621857308, PROPAGANDA
622054128, DIVERSE
623245482, PROPAGANDA
623713856, PROPAGANDA
624557599, DIVERSE
624686972, DIVERSE
625407310, DIVERSE
625582633, PROPAGANDA
626375784, PROPAGANDA
630606857, PROPAGANDA
631477430, PROPAGANDA
633316824, PROPAGANDA
634658827, DIVERSE
635576995, DIVERSE
700268907, NON_PROPAGANDA
701054891, DIVERSE
709327033, DIVERSE
712078254, DIVERSE
714472614, PROPAGANDA
714586656, PROPAGANDA
715219325, DIVERSE
721858813, PROPAGANDA
722409378, PROPAGANDA
728704327, DIVERSE
731326188, DIVERSE
731979691, PROPAGANDA
737493661, DIVERSE
744096607, PROPAGANDA
750186930, PROPAGANDA
754335954, DIVERSE
774667758, DIVERSE
774724850, PROPAGANDA
780305640, DIVERSE
782065844, PROPAGANDA
783313538, DIVERSE
787211599, DIVERSE
793643882, DIVERSE
797862444, PROPAGANDA
798174793, PROPAGANDA
801866851, PROPAGANDA
805032212, DIVERSE
810987649, PROPAGANDA
811083272, PROPAGANDA
814873350, PROPAGANDA
824840480, PROPAGANDA
829245931, DIVERSE
832893523, PROPAGANDA
836508619, DIVERSE
844063729, PROPAGANDA
849261552, PROPAGANDA
856930862, DIVERSE
857666161, PROPAGANDA
857868018, DIVERSE
859195092, DIVERSE
868275978, DIVERSE
880876537, DIVERSE
885493015, PROPAGANDA
886724197, DIVERSE
891085214, PROPAGANDA
891448122, DIVERSE
895573358, DIVERSE
897501056, DIVERSE
899583475, PROPAGANDA
900397296, DIVERSE
910035918, PROPAGANDA
916943462, DIVERSE
919558969, DIVERSE
927351564, DIVERSE
930331530, DIVERSE
930529058, DIVERSE
933119761, PROPAGANDA
933132060, DIVERSE
937966807, PROPAGANDA
938384833, DIVERSE
941413286, DIVERSE
945807127, PROPAGANDA
956175625, DIVERSE
961361910, DIVERSE
962333706, PROPAGANDA
965981040, PROPAGANDA
966216336, PROPAGANDA
966780174, PROPAGANDA
968573936, DIVERSE
970827391, PROPAGANDA
974334108, DIVERSE
974476958, DIVERSE
974599621, PROPAGANDA
974709871, DIVERSE
975400962, PROPAGANDA
978504584, PROPAGANDA
978763766, DIVERSE
987291642, PROPAGANDA
990740844, PROPAGANDA
992111130, DIVERSE
993276918, DIVERSE
995569525, DIVERSE
995787391, DIVERSE
996016508, PROPAGANDA
996619939, DIVERSE
996705444, DIVERSE
997139719, DIVERSE
997902067, DIVERSE
999015997, DIVERSE
999319958, DIVERSE
1002174710, PROPAGANDA
1002650592, DIVERSE
1002844374, DIVERSE
1002901490, DIVERSE
1006023000, PROPAGANDA
1011066157, DIVERSE
1011455700, DIVERSE
1012325527, PROPAGANDA
1018255609, DIVERSE
1020142826, PROPAGANDA
1032166495, PROPAGANDA
1032772153, PROPAGANDA
1033647480, PROPAGANDA
1034334733, PROPAGANDA
1035774085, DIVERSE
1040606600, PROPAGANDA
1041371010, PROPAGANDA
1042693506, PROPAGANDA
1050858158, DIVERSE
1052277074, PROPAGANDA
1061600605, DIVERSE
1066043922, PROPAGANDA
1068317078, PROPAGANDA
1079047122, PROPAGANDA
1086973130, PROPAGANDA
1090596031, DIVERSE
1092542761, DIVERSE
1095915684, DIVERSE
1103047946, DIVERSE
1104281780, PROPAGANDA
1105871287, PROPAGANDA
1106086345, DIVERSE
1112010584, PROPAGANDA
1116691280, PROPAGANDA
1118879774, DIVERSE
1119263600, DIVERSE
1123617872, PROPAGANDA
1128993427, DIVERSE
1133951125, DIVERSE
1134792108, DIVERSE
1136829066, DIVERSE
1137203731, DIVERSE
1140128216, PROPAGANDA
1140667105, PROPAGANDA
1140789020, DIVERSE
1143380820, DIVERSE
1149393944, DIVERSE
1157901540, DIVERSE
1158217405, PROPAGANDA
1173187458, DIVERSE
1183658534, DIVERSE
1184449032, DIVERSE
1191248822, DIVERSE
1191602641, DIVERSE
1194109814, DIVERSE
1197964688, PROPAGANDA
1201217755, PROPAGANDA
1203080628, DIVERSE
1203570097, PROPAGANDA
1212626137, PROPAGANDA
1215196014, DIVERSE
1223111760, PROPAGANDA
1227011635, DIVERSE
1250295290, PROPAGANDA
1257203264, DIVERSE
1259129132, DIVERSE
1263104942, DIVERSE
1264712738, DIVERSE
1268283554, DIVERSE
1269489475, DIVERSE
1276162490, PROPAGANDA
1277441556, PROPAGANDA
1277585012, DIVERSE
1278543582, DIVERSE
1280752188, DIVERSE
1281394392, PROPAGANDA
1296719946, DIVERSE
1303720952, DIVERSE
1311797288, DIVERSE
1314227408, PROPAGANDA
1314408758, DIVERSE
1318153052, DIVERSE
1319102905, DIVERSE
1321331874, PROPAGANDA
1323467154, PROPAGANDA
1324866643, PROPAGANDA
1331108335, DIVERSE
1331301061, PROPAGANDA
1337487372, PROPAGANDA
1339344901, DIVERSE
1340258599, DIVERSE
1340284172, DIVERSE
1343177136, DIVERSE
1344707473, PROPAGANDA
1346395603, DIVERSE
1348074644, DIVERSE
1372859832, DIVERSE
1382376949, PROPAGANDA
1383397482, PROPAGANDA
1385863352, DIVERSE
1388341172, PROPAGANDA
1391605016, PROPAGANDA
1402376521, DIVERSE
1406211186, PROPAGANDA
1418694061, PROPAGANDA
1419142478, DIVERSE
1419314353, DIVERSE
1420762447, PROPAGANDA
1425526302, PROPAGANDA
1428355872, DIVERSE
1435417081, PROPAGANDA
1438404972, DIVERSE
1460798930, DIVERSE
1467953096, PROPAGANDA
1481808284, DIVERSE
1485959052, PROPAGANDA
1492367546, DIVERSE
1494110238, PROPAGANDA
1506170269, DIVERSE
1514809514, DIVERSE
1519289173, DIVERSE
1520181313, PROPAGANDA
1529698447, DIVERSE
1534584852, PROPAGANDA
1539719550, DIVERSE
1548221952, DIVERSE
1553726474, PROPAGANDA
1558789628, PROPAGANDA
1560653971, PROPAGANDA
1561754378, DIVERSE
1565018018, PROPAGANDA
1565652266, PROPAGANDA
1566671071, DIVERSE
1568597401, DIVERSE
1570421118, DIVERSE
1571237318, DIVERSE
1573631304, DIVERSE
1576116846, PROPAGANDA
1579834320, PROPAGANDA
1586854567, PROPAGANDA
1591529323, DIVERSE
1593211040, DIVERSE
1593480284, DIVERSE
1596716028, DIVERSE
1610094054, PROPAGANDA
1611310730, DIVERSE
1617648258, DIVERSE
1628921239, PROPAGANDA
1631772103, PROPAGANDA
1635306542, PROPAGANDA
1641459038, DIVERSE
1654242836, DIVERSE
1657004690, PROPAGANDA
1657421766, PROPAGANDA
1664756965, DIVERSE
1665475375, PROPAGANDA
1672277354, PROPAGANDA
1673072192, DIVERSE
1674151711, DIVERSE
1674182551, DIVERSE
1680934333, DIVERSE
1682896310, DIVERSE
1684309638, DIVERSE
1686935504, DIVERSE
1696825494, PROPAGANDA
1697458044, DIVERSE
1701616772, DIVERSE
1704039354, DIVERSE
1707859914, DIVERSE
1726649989, DIVERSE
1728380701, DIVERSE
1729699520, DIVERSE
1843123872, DIVERSE
1856606750, DIVERSE
1868108316, PROPAGANDA
1871994199, DIVERSE
1887896845, DIVERSE
1894335781, PROPAGANDA
1896335052, DIVERSE
1900215307, DIVERSE
1904138971, DIVERSE
1909374792, PROPAGANDA
1913920926, DIVERSE
1915568922, DIVERSE
1917661567, DIVERSE
1927514377, DIVERSE
1938878996, DIVERSE
1958127235, PROPAGANDA
1968672823, DIVERSE
2149025308, PROPAGANDA
2154420058, DIVERSE
2155529002, DIVERSE
2156589938, DIVERSE
2160833119, DIVERSE
2165403949, DIVERSE
2165607934, DIVERSE
2171096963, PROPAGANDA
2172473723, DIVERSE
2172490942, PROPAGANDA
2172860635, DIVERSE
2176137460, DIVERSE
2181760339, DIVERSE
2183429520, PROPAGANDA
2185059396, PROPAGANDA
2191892464, PROPAGANDA
2192614378, DIVERSE
2204591990, PROPAGANDA
2205530964, PROPAGANDA
2210277582, PROPAGANDA
2214185372, PROPAGANDA
2219659092, DIVERSE
2222192868, DIVERSE
2223258386, DIVERSE
2223737807, PROPAGANDA
2224962036, DIVERSE
2229783187, PROPAGANDA
2230009800, DIVERSE
2243524257, PROPAGANDA
2243855627, DIVERSE
2249591503, DIVERSE
2254334481, PROPAGANDA
2258288874, DIVERSE
2260383145, PROPAGANDA
2263209383, DIVERSE
2263344401, PROPAGANDA
2263897311, PROPAGANDA
2270622367, PROPAGANDA
2277166103, DIVERSE
2279394056, DIVERSE
2282524958, PROPAGANDA
2291448871, DIVERSE
2292758505, DIVERSE
2293229845, PROPAGANDA
2293590755, PROPAGANDA
2297149007, PROPAGANDA
2297692483, DIVERSE
2304534336, PROPAGANDA
2306619133, DIVERSE
2307264856, DIVERSE
2316138426, DIVERSE
2319225526, DIVERSE
2319472112, DIVERSE
2323150172, DIVERSE
2325738835, PROPAGANDA
2335914176, PROPAGANDA
2339155705, PROPAGANDA
2340138522, DIVERSE
2341078132, DIVERSE
2347795973, PROPAGANDA
2352970223, DIVERSE
2355396143, DIVERSE
2355837976, PROPAGANDA
2361399080, PROPAGANDA
2366876831, PROPAGANDA
2371981753, DIVERSE
2374218816, DIVERSE
2394147874, PROPAGANDA
2399339752, DIVERSE
2399636055, PROPAGANDA
2407078978, DIVERSE
2410896149, DIVERSE
2412528170, DIVERSE
2414842548, DIVERSE
2416026348, DIVERSE
2417148120, DIVERSE
2421459234, PROPAGANDA
2430735934, PROPAGANDA
2433403609, PROPAGANDA
2433468680, DIVERSE
2434118359, PROPAGANDA
2434472298, DIVERSE
2437047056, PROPAGANDA
2437430565, PROPAGANDA
2437571720, PROPAGANDA
2437605457, DIVERSE
2438825752, PROPAGANDA
2439895124, DIVERSE
2440383767, PROPAGANDA
2441484007, DIVERSE
2446206910, PROPAGANDA
2446738307, PROPAGANDA
2447879638, PROPAGANDA
2449380489, DIVERSE
2450520259, PROPAGANDA
2451056691, DIVERSE
2452783827, DIVERSE
2453890849, DIVERSE
2455441506, PROPAGANDA
2458211434, PROPAGANDA
2462871707, PROPAGANDA
2465152075, DIVERSE
2466307496, PROPAGANDA
2469341061, PROPAGANDA
2470783842, DIVERSE
2474168684, DIVERSE
2474654286, DIVERSE
2474964218, PROPAGANDA
2475077852, DIVERSE
2476049168, DIVERSE
2479478798, PROPAGANDA
2484408874, PROPAGANDA
2484697919, DIVERSE
2485620444, PROPAGANDA
2490274032, DIVERSE
2493114751, PROPAGANDA
2495442299, PROPAGANDA
2500809882, DIVERSE
2502138404, DIVERSE
2503914708, DIVERSE
2504173933, DIVERSE
2504668991, DIVERSE
2506738925, DIVERSE
2516672642, PROPAGANDA
2519958769, DIVERSE
2520773750, PROPAGANDA
2530216176, PROPAGANDA
2536004080, PROPAGANDA
2543742594, DIVERSE
2544099769, DIVERSE
2548301274, DIVERSE
2553938190, PROPAGANDA
2573969974, PROPAGANDA
2578945608, PROPAGANDA
2579601745, PROPAGANDA
2580174954, DIVERSE
2582582359, DIVERSE
2586356880, PROPAGANDA
2587029252, DIVERSE
2592887184, DIVERSE
2594563700, DIVERSE
2598427876, DIVERSE
2605741696, DIVERSE
2638628014, PROPAGANDA
2664101982, DIVERSE
2684813765, DIVERSE
2695368146, DIVERSE
2699106120, DIVERSE
2711641532, PROPAGANDA
2717929405, PROPAGANDA
2718050437, PROPAGANDA
2719968489, DIVERSE
2724628275, DIVERSE
2727642345, PROPAGANDA
2737960684, PROPAGANDA
2739176331, PROPAGANDA
2742009028, DIVERSE
2757004405, DIVERSE
2760399726, DIVERSE
2764298463, PROPAGANDA
2767169867, PROPAGANDA
2767955801, DIVERSE
2767984869, DIVERSE
2779351548, DIVERSE
2788777524, PROPAGANDA
2792054681, PROPAGANDA
2792349332, DIVERSE
2792971701, DIVERSE
2793115700, DIVERSE
2802464228, PROPAGANDA
2803285596, PROPAGANDA
2804725461, PROPAGANDA
2808688046, PROPAGANDA
2811948510, DIVERSE
2816925741, DIVERSE
2820698229, DIVERSE
2830151974, PROPAGANDA
2837285770, DIVERSE
2838205331, DIVERSE
2843113073, DIVERSE
2843702977, DIVERSE
2846687483, PROPAGANDA
2847050771, DIVERSE
2850201220, PROPAGANDA
2851523843, PROPAGANDA
2859233189, DIVERSE
2861144914, DIVERSE
2865854586, PROPAGANDA
2869599169, DIVERSE
2871337760, PROPAGANDA
2879877703, DIVERSE
2881812869, PROPAGANDA
2882723208, PROPAGANDA
2885966647, PROPAGANDA
2891580468, PROPAGANDA
2906014770, PROPAGANDA
2906797270, DIVERSE
2907558513, DIVERSE
2909107988, DIVERSE
2910159072, DIVERSE
2912596930, DIVERSE
2920090551, PROPAGANDA
2926325320, DIVERSE
2930477478, DIVERSE
2933286563, PROPAGANDA
2937110937, PROPAGANDA
2940923811, PROPAGANDA
2945521286, PROPAGANDA
2946131592, DIVERSE
2946640166, DIVERSE
2948787802, DIVERSE
2951658069, DIVERSE
2952265706, PROPAGANDA
2954089838, DIVERSE
2955134697, PROPAGANDA
2955998474, DIVERSE
2957674343, DIVERSE
2960880208, DIVERSE
2965603430, PROPAGANDA
2969495943, PROPAGANDA
2970144881, DIVERSE
2970510164, PROPAGANDA
2971173940, DIVERSE
2974756278, PROPAGANDA
2975134840, PROPAGANDA
2978308857, PROPAGANDA
2978330167, DIVERSE
2980418337, PROPAGANDA
2982169550, PROPAGANDA
2982302953, PROPAGANDA
2983173476, PROPAGANDA
2984416418, PROPAGANDA
2991599403, DIVERSE
2996903871, PROPAGANDA
2998699488, DIVERSE
3001146040, DIVERSE
3001841688, DIVERSE
3003603519, DIVERSE
3005789992, DIVERSE
3016889474, PROPAGANDA
3017535223, DIVERSE
3018337576, DIVERSE
3020646095, PROPAGANDA
3021106225, DIVERSE
3022993446, PROPAGANDA
3035120220, DIVERSE
3036240899, DIVERSE
3038508141, PROPAGANDA
3040996306, DIVERSE
3044767084, PROPAGANDA
3053874632, DIVERSE
3054113493, PROPAGANDA
3055703094, DIVERSE
3059821312, DIVERSE
3065839685, DIVERSE
3066923814, PROPAGANDA
3067279450, PROPAGANDA
3075912917, DIVERSE
3079002699, PROPAGANDA
3080791936, PROPAGANDA
3082136626, DIVERSE
3092907670, PROPAGANDA
3094523876, DIVERSE
3098099488, DIVERSE
3100283920, PROPAGANDA
3107308156, PROPAGANDA
3107506948, DIVERSE
3115737168, PROPAGANDA
3119808109, DIVERSE
3123252045, PROPAGANDA
3128007260, PROPAGANDA
3128735661, DIVERSE
3141750279, DIVERSE
3142342714, PROPAGANDA
3142496604, DIVERSE
3143064810, DIVERSE
3154036550, DIVERSE
3157915941, PROPAGANDA
3160865981, PROPAGANDA
3161817220, DIVERSE
3164455697, PROPAGANDA
3167020403, PROPAGANDA
3177509134, PROPAGANDA
3179778414, PROPAGANDA
3184239994, DIVERSE
3187929962, PROPAGANDA
3194767183, PROPAGANDA
3198368246, PROPAGANDA
3201559666, PROPAGANDA
3216759105, DIVERSE
3222608305, PROPAGANDA
3225123970, DIVERSE
3229591680, PROPAGANDA
3231024969, DIVERSE
3233928748, DIVERSE
3237687960, DIVERSE
3239148891, PROPAGANDA
3243785709, PROPAGANDA
3249747062, DIVERSE
3250425110, DIVERSE
3255760140, PROPAGANDA
3256651263, PROPAGANDA
3260072099, PROPAGANDA
3260615157, DIVERSE
3260993379, DIVERSE
3269041302, PROPAGANDA
3281850732, PROPAGANDA
3289790009, PROPAGANDA
3293354986, PROPAGANDA
3293436133, DIVERSE
3293758226, PROPAGANDA
3293827769, PROPAGANDA
3295932755, DIVERSE
3297116834, PROPAGANDA
3298409216, PROPAGANDA
3303029519, PROPAGANDA
3306792800, PROPAGANDA
3317569037, DIVERSE
3318544431, DIVERSE
3323870657, DIVERSE
3327383174, DIVERSE
3343233514, PROPAGANDA
3351685043, PROPAGANDA
3353013441, PROPAGANDA
3360096724, DIVERSE
3362625879, PROPAGANDA
3393708244, DIVERSE
3393921359, PROPAGANDA
3395915127, PROPAGANDA
3397618431, PROPAGANDA
3399188782, PROPAGANDA
3404633213, PROPAGANDA
3406395203, DIVERSE
3407461359, PROPAGANDA
3413314515, DIVERSE
3413423644, PROPAGANDA
3416393367, PROPAGANDA
3422797221, DIVERSE
3434708717, DIVERSE
3435893926, DIVERSE
3440420172, DIVERSE
3460304842, PROPAGANDA
3568145595, DIVERSE
3622813818, DIVERSE
3638277432, DIVERSE
3639201264, DIVERSE
3642045557, DIVERSE
3709280421, DIVERSE
3792379403, PROPAGANDA
3795619754, PROPAGANDA
3802891169, DIVERSE
3808926861, DIVERSE
3816773441, DIVERSE
3855818667, DIVERSE
3874530562, PROPAGANDA
3875307647, DIVERSE
3875336601, PROPAGANDA
3883231714, PROPAGANDA
3894331965, PROPAGANDA
3917405725, PROPAGANDA
3919576756, PROPAGANDA
3927839296, DIVERSE
3952683857, DIVERSE
3959228474, PROPAGANDA
3998421520, PROPAGANDA
4002145672, PROPAGANDA
4015698976, NON_PROPAGANDA
4018903402, DIVERSE
4035726395, DIVERSE
4047133943, DIVERSE
4060314911, PROPAGANDA
4062300005, PROPAGANDA
4078294313, DIVERSE
4100006673, PROPAGANDA
4114456342, DIVERSE
4119118756, PROPAGANDA
4121207475, DIVERSE
4151801175, PROPAGANDA
4152947729, PROPAGANDA
4165654671, PROPAGANDA
4165725706, PROPAGANDA
4195542203, PROPAGANDA
4219422118, PROPAGANDA
4229806403, PROPAGANDA
4236755045, PROPAGANDA
4243671285, DIVERSE
4269515135, DIVERSE
4289414752, PROPAGANDA
4300986975, PROPAGANDA
4363817897, PROPAGANDA
4381153354, DIVERSE
4385848283, PROPAGANDA
4386955048, DIVERSE
4396604387, DIVERSE
4472010075, PROPAGANDA
4472172496, PROPAGANDA
4472228375, PROPAGANDA
4482904751, DIVERSE
4484060957, PROPAGANDA
4484088508, PROPAGANDA
4490770120, DIVERSE
4544562563, PROPAGANDA
4544956708, DIVERSE
4544993295, DIVERSE
4571186554, PROPAGANDA
4579773377, DIVERSE
4579870468, PROPAGANDA
4581548001, PROPAGANDA
4583835327, PROPAGANDA
4589446533, DIVERSE
4594810818, PROPAGANDA
4611756263, PROPAGANDA
4621926136, DIVERSE
4627034907, PROPAGANDA
4690835402, DIVERSE
4693156716, PROPAGANDA
4697148798, PROPAGANDA
4705986828, PROPAGANDA
4749072917, PROPAGANDA
4749322637, PROPAGANDA
4756425089, DIVERSE
4759038255, DIVERSE
4773370157, PROPAGANDA
4777221934, DIVERSE
4784003954, DIVERSE
4784978140, DIVERSE
4805804954, DIVERSE
4815714449, DIVERSE
4819526043, PROPAGANDA
4820517759, DIVERSE
4825026369, PROPAGANDA
4827003599, PROPAGANDA
4830045927, DIVERSE
4835594842, PROPAGANDA
4849555348, PROPAGANDA
4857212812, DIVERSE
4857409060, DIVERSE
4862116133, PROPAGANDA
4892791024, PROPAGANDA
4893265079, PROPAGANDA
4894694525, PROPAGANDA
4900534288, DIVERSE
700863922228879360, DIVERSE
701033955420672000, PROPAGANDA
701458783789314048, PROPAGANDA
703288311155134465, DIVERSE
703597644820713472, PROPAGANDA
703603151274971136, DIVERSE
703705738703736833, DIVERSE
704709279631208448, DIVERSE
705471203163688961, PROPAGANDA
705665546851905537, PROPAGANDA
705806473897635840, PROPAGANDA
705828452830732288, PROPAGANDA
706148199594119170, PROPAGANDA
706217324563578881, DIVERSE
706553768339488772, DIVERSE
706765006000558080, PROPAGANDA
707253915759349760, PROPAGANDA
708460287146512385, PROPAGANDA
709502333995057152, PROPAGANDA
710064047333494784, PROPAGANDA
710119101662887936, PROPAGANDA
710552582968705025, PROPAGANDA
711553023013740544, PROPAGANDA
712015139101286400, PROPAGANDA
712612878717743104, PROPAGANDA
713033641044082688, PROPAGANDA
713103256742936576, DIVERSE
713821654435160064, PROPAGANDA
714769841673134082, DIVERSE
717269827149307905, PROPAGANDA
717292830000070657, PROPAGANDA
718045156671373313, DIVERSE
718572959980482561, PROPAGANDA
719131608515747841, PROPAGANDA
719277033503780865, DIVERSE
719616442233188355, DIVERSE
719721270070353921, DIVERSE
719900617179860993, DIVERSE
720586132296175617, PROPAGANDA
720635075562483712, DIVERSE
720717665170558976, PROPAGANDA
722433365517955072, DIVERSE
723043470819090432, PROPAGANDA
723059850767392768, DIVERSE
723370419072323584, PROPAGANDA
723566115335639040, PROPAGANDA
724504063619006464, PROPAGANDA
724530619087245312, DIVERSE
724623535109472256, DIVERSE
724700769367240704, PROPAGANDA
724744374731608064, PROPAGANDA
726196189524295680, DIVERSE
726375074488537089, DIVERSE
726398773392498689, PROPAGANDA
726911179063451648, DIVERSE
727065370998280192, DIVERSE
727087414389428224, DIVERSE
727904477353783296, DIVERSE
729034544242933760, DIVERSE
730885261840777216, DIVERSE
731448075105996800, DIVERSE
731596792274534404, PROPAGANDA
731867743008489472, PROPAGANDA
731874124876894208, PROPAGANDA
732227088602791938, DIVERSE
732250353006186496, PROPAGANDA
733009668797308932, PROPAGANDA
733615274906288128, DIVERSE
733765263041175553, PROPAGANDA
734310557000577024, PROPAGANDA
735560020310544389, DIVERSE
736509061441703936, DIVERSE
739618227098095616, DIVERSE
739660228971659264, DIVERSE
739843459893317632, PROPAGANDA
739902273116069888, PROPAGANDA
740083824240013312, DIVERSE
740694544522608641, DIVERSE
740808876203900929, PROPAGANDA
740897572676640769, PROPAGANDA
741153195263692801, DIVERSE
742078695481970688, DIVERSE
742307620606889984, DIVERSE
742421574343622656, PROPAGANDA
742799027587174400, DIVERSE
744546109394124800, DIVERSE
744949074764382208, PROPAGANDA
745218282584678400, DIVERSE
748084496965181440, DIVERSE
748677935297593344, DIVERSE
748887380753604608, PROPAGANDA
751395325886201857, PROPAGANDA
751852757989097472, PROPAGANDA
752950667183058944, PROPAGANDA
753001917408739328, PROPAGANDA
753340380070940672, PROPAGANDA
754684429071708160, DIVERSE
756527278469898241, DIVERSE
756840109035651072, DIVERSE
757105925228490752, DIVERSE
757179522127200256, PROPAGANDA
757726799157747712, PROPAGANDA
757851910653157376, DIVERSE
758866278928879616, DIVERSE
759014209501798404, DIVERSE
759107528454201344, DIVERSE
759144742634545153, PROPAGANDA
759149374937112576, PROPAGANDA
760107393749508097, PROPAGANDA
760435596724670464, PROPAGANDA
760805201951481856, DIVERSE
762073903934169088, PROPAGANDA
763033357462736896, PROPAGANDA
764016376793014273, PROPAGANDA
764020895950053376, PROPAGANDA
764055242728235008, DIVERSE
764938783598977024, DIVERSE
765190257004478464, PROPAGANDA
765314687328251909, PROPAGANDA
765503945410240513, PROPAGANDA
765789381793841152, DIVERSE
766014970316423168, PROPAGANDA
766296039036948480, PROPAGANDA
766966131269787648, DIVERSE
767390410004172802, PROPAGANDA
768826649764823040, PROPAGANDA
768896848299823105, PROPAGANDA
769575600759644160, PROPAGANDA
771784838781206528, DIVERSE
773054843950927872, DIVERSE
775561928500449280, PROPAGANDA
775570112858484736, DIVERSE
776196749534846977, PROPAGANDA
776752546765533184, DIVERSE
777830975241846784, DIVERSE
777936406555525121, PROPAGANDA
778378297541533696, DIVERSE
778584170595545089, PROPAGANDA
778689219258568709, PROPAGANDA
778689577267539968, DIVERSE
779008348708597760, DIVERSE
779065892311277568, PROPAGANDA
779560091905384449, PROPAGANDA
780308793670438912, DIVERSE
781552724663996416, PROPAGANDA
781636305071529989, DIVERSE
782930080590864384, PROPAGANDA
783099007971262464, DIVERSE
783670019624501248, PROPAGANDA
783779842630254596, PROPAGANDA
783959178511577088, PROPAGANDA
784016425463713793, PROPAGANDA
784113248668876800, PROPAGANDA
784473829183807488, DIVERSE
785177052697747456, DIVERSE
785310094934302720, PROPAGANDA
785509580180774913, PROPAGANDA
785666076969402368, PROPAGANDA
785922013261099008, DIVERSE
786304786928984064, DIVERSE
787030926010249216, DIVERSE
787633546999496705, PROPAGANDA
787728263649034240, DIVERSE
787806186800381953, DIVERSE
788282937808719872, DIVERSE
789408337137840128, DIVERSE
789841817114206208, PROPAGANDA
789899474202165248, DIVERSE
790829223539793920, PROPAGANDA
790913718410420226, PROPAGANDA
790999436872777728, DIVERSE
792270795963789312, PROPAGANDA
792308597430554625, PROPAGANDA
792426421146750976, DIVERSE
792506578314358784, PROPAGANDA
792656649588764672, PROPAGANDA
792772638196264960, DIVERSE
792822612086906880, DIVERSE
792833535711272960, PROPAGANDA
793069842727305216, PROPAGANDA
794260826798559233, DIVERSE
794922212054749184, DIVERSE
795973119219499008, DIVERSE
796818000527687681, DIVERSE
797030244515479552, DIVERSE
797057316457738240, PROPAGANDA
797106300878553088, PROPAGANDA
797352935432867840, DIVERSE
798482776278368256, DIVERSE
798592068679593984, DIVERSE
798944473401139201, PROPAGANDA
799342685299638272, DIVERSE
799430289554624514, DIVERSE
799713172651261952, DIVERSE
800032761012686848, PROPAGANDA
800259845601378304, PROPAGANDA
800285974030782464, DIVERSE
800413017649266688, DIVERSE
800437849619206144, PROPAGANDA
801824521330315265, DIVERSE
801961868961153024, PROPAGANDA
802788810094428160, PROPAGANDA
803299310997741569, PROPAGANDA
803790087544770561, DIVERSE
804021283646304256, DIVERSE
804091133139816448, PROPAGANDA
804705386557296645, PROPAGANDA
805021622012887040, DIVERSE
805122193323683840, DIVERSE
806240471710334976, PROPAGANDA
807468851277496320, DIVERSE
809007545574625280, DIVERSE
810273069189201920, PROPAGANDA
812330176939966464, DIVERSE
812805807758856193, PROPAGANDA
813766204699635713, PROPAGANDA
814118882269138944, DIVERSE
814475051936391168, DIVERSE
815163954423037952, PROPAGANDA
815266740078788609, PROPAGANDA
815626754765258753, DIVERSE
815870289863118849, PROPAGANDA
817821356448423939, PROPAGANDA
818025535808962560, DIVERSE
818404367200092160, PROPAGANDA
819163287673774082, DIVERSE
819236244462956546, PROPAGANDA
819246519983472652, DIVERSE
819272681468154027, PROPAGANDA
819279278999240709, DIVERSE
819936031491420160, PROPAGANDA
821013140322287616, PROPAGANDA
821043520249221121, PROPAGANDA
821313315309834240, DIVERSE
821827552696213504, DIVERSE
823468092407869440, DIVERSE
823694557900664833, DIVERSE
823803379143032832, PROPAGANDA
825448004475826176, PROPAGANDA
826189685596753922, PROPAGANDA
826347794659160064, DIVERSE
826512103683010560, PROPAGANDA
827529866031538176, PROPAGANDA
828043791823167488, PROPAGANDA
828532118842114049, PROPAGANDA
828698508333035520, PROPAGANDA
829254071974506497, PROPAGANDA
829295360422068224, DIVERSE
829928331432701953, PROPAGANDA
830725698109263872, DIVERSE
833312496085790720, DIVERSE
835929713617092608, PROPAGANDA
836283174170865665, PROPAGANDA
836557255952777216, PROPAGANDA
836883916216754177, DIVERSE
837012647501520897, DIVERSE
837081771472715781, DIVERSE
837085628588261376, PROPAGANDA
837242850458894336, DIVERSE
837684644837457920, DIVERSE
839147202249383937, PROPAGANDA
839466290217648128, DIVERSE
839555767481028608, PROPAGANDA
840811127105830913, DIVERSE
841013680271683586, DIVERSE
841359993253330945, PROPAGANDA
841368686401343488, PROPAGANDA
842004888603262977, DIVERSE
842077442244263936, DIVERSE
842755754314612736, DIVERSE
842799220675481600, PROPAGANDA
843142793589673984, DIVERSE
843269777753882624, DIVERSE
843434639222067200, PROPAGANDA
843485192518098945, PROPAGANDA
843538544853471235, DIVERSE
843553705077149697, PROPAGANDA
843735750072000512, PROPAGANDA
844307309547409409, NON_PROPAGANDA
844546626299609088, DIVERSE
844967018239590400, PROPAGANDA
846529066937257988, DIVERSE
846866511159574528, PROPAGANDA
847360297660579840, DIVERSE
847390644423106563, PROPAGANDA
848726103091032065, PROPAGANDA
849319526252642305, DIVERSE
849653257723154432, PROPAGANDA
850459801930936321, PROPAGANDA
850538507940634624, PROPAGANDA
850657925148409858, DIVERSE
851487534404317186, PROPAGANDA
852891738503032832, PROPAGANDA
853208864535306240, PROPAGANDA
854677163219595265, DIVERSE
854982906791505920, PROPAGANDA
855892071412092930, PROPAGANDA
857582675296743425, PROPAGANDA
858056309513609216, PROPAGANDA
860509901046640644, DIVERSE
860538397567442944, PROPAGANDA
860889804803801088, DIVERSE
861004964193292288, DIVERSE
862702744330809350, PROPAGANDA
863131663819296768, PROPAGANDA
863451042553450496, DIVERSE
863622253669490688, PROPAGANDA
864880427831619584, DIVERSE
864897853625425921, PROPAGANDA
864976750668894208, DIVERSE
865303055578914817, DIVERSE
865475771355111424, PROPAGANDA
865481927431553024, DIVERSE
865647394809012224, PROPAGANDA
865976287680135168, DIVERSE
866027005208387584, DIVERSE
866950314875858944, PROPAGANDA
867113963313647620, PROPAGANDA
867922545407864833, DIVERSE
867959580432773121, DIVERSE
868110137894088704, DIVERSE
868111398030716928, DIVERSE
868121776257105921, DIVERSE
868124533982711808, DIVERSE
868266567221510144, DIVERSE
868271327068770304, DIVERSE
868295152451891200, DIVERSE
869308075768991744, DIVERSE
871502019852476416, DIVERSE
871735889747206145, DIVERSE
871776690447503360, PROPAGANDA
871805495316762624, DIVERSE
871928520376823808, PROPAGANDA
872718937636708352, PROPAGANDA
873230353464471552, PROPAGANDA
873851333908074500, PROPAGANDA
874658308547805184, DIVERSE
875270165725929473, PROPAGANDA
875843999118106624, DIVERSE
876565379140792321, DIVERSE
876980951078899713, DIVERSE
877145999977926656, DIVERSE
877186150963830784, DIVERSE
877217019447431168, DIVERSE
877229398784696320, DIVERSE
877234455106269184, PROPAGANDA
877591340455940096, PROPAGANDA
879482267197988864, PROPAGANDA
879506047496589312, PROPAGANDA
879676746592899072, PROPAGANDA
880037601385881600, DIVERSE
880637077611831296, PROPAGANDA
880800319214694400, PROPAGANDA
881789061798797313, PROPAGANDA
881903564335046656, PROPAGANDA
882082223557685253, PROPAGANDA
882984683717496834, DIVERSE
883088945722130434, PROPAGANDA
883098950621966336, PROPAGANDA
884411377309409280, PROPAGANDA
884762354432475136, DIVERSE
885153241591369729, PROPAGANDA
885295592435576833, DIVERSE
885742228731285504, DIVERSE
885863112573952000, DIVERSE
885940422354374656, DIVERSE
885989509623676929, PROPAGANDA
886026940112662529, PROPAGANDA
886455669351698432, PROPAGANDA
887472753405825024, DIVERSE
888097333157793792, PROPAGANDA
888302483218591745, DIVERSE
889077250330591232, PROPAGANDA
889921432242794497, DIVERSE
890206107905519616, PROPAGANDA
890359425634095104, PROPAGANDA
891029682816249856, DIVERSE
891316356901199873, DIVERSE
892182077751386113, DIVERSE
892668385829564416, DIVERSE
892703369353101312, DIVERSE
893190952554291201, PROPAGANDA
893342956417155072, DIVERSE
893556398189162498, DIVERSE
893884012909015043, PROPAGANDA
894244166737199105, PROPAGANDA
894548629205254144, PROPAGANDA
895322441098174467, DIVERSE
895782680633253888, DIVERSE
895927418531315712, PROPAGANDA
896234598253907968, PROPAGANDA
896458181328744448, PROPAGANDA
897173243303473152, PROPAGANDA
897758646658060288, DIVERSE
897864578654244865, PROPAGANDA
898189842236014592, DIVERSE
898573524419399683, PROPAGANDA
898675607743148032, DIVERSE
898852667925168131, PROPAGANDA
899441422272737280, PROPAGANDA
899736790122332162, DIVERSE
899998182435893248, DIVERSE
900058096034361345, DIVERSE
900152957605474304, PROPAGANDA
900358886129115142, DIVERSE
900514318265065475, DIVERSE
900727587428761606, PROPAGANDA
902089229798387712, DIVERSE
902212928295899136, PROPAGANDA
903010726813601794, DIVERSE
903624281497722880, PROPAGANDA
904273327547711489, PROPAGANDA
904297005865988096, PROPAGANDA
904306725607665664, PROPAGANDA
904424730010075136, PROPAGANDA
904851902969602048, DIVERSE
905020769872306176, PROPAGANDA
905270455313080320, DIVERSE
906013198842601472, PROPAGANDA
906106814055493633, DIVERSE
906557275430637570, DIVERSE
906862269396656133, PROPAGANDA
907330129705279493, DIVERSE
907511732603703296, PROPAGANDA
907721180538384384, DIVERSE
908355792625176576, DIVERSE
908890057087635456, PROPAGANDA
909547261247582209, DIVERSE
909746929051062274, PROPAGANDA
910498192067788802, DIVERSE
910750266739363840, PROPAGANDA
911541285080719366, DIVERSE
911964849239977985, DIVERSE
912770376282918912, DIVERSE
913273628560625664, DIVERSE
913346125863809029, PROPAGANDA
913479992557924352, DIVERSE
913787422365888513, DIVERSE
914162453642129409, PROPAGANDA
914186532868763652, DIVERSE
914232908528971776, PROPAGANDA
914817912854237185, PROPAGANDA
914928591208665089, DIVERSE
915308194402103296, PROPAGANDA
915384226270375943, DIVERSE
916160083410784257, DIVERSE
916645597423251456, PROPAGANDA
916734004363251713, PROPAGANDA
916824435121893377, PROPAGANDA
917011468368973824, DIVERSE
917471030830092288, PROPAGANDA
917474877493399553, PROPAGANDA
917867800928112640, PROPAGANDA
918357396577275904, PROPAGANDA
918474149139398657, DIVERSE
918597513640374272, DIVERSE
918649573291298816, DIVERSE
918671245721456645, DIVERSE
918960887653859328, PROPAGANDA
919252541505929217, PROPAGANDA
919293220542124032, DIVERSE
919461311041466368, PROPAGANDA
919510957105319937, PROPAGANDA
920311880752750592, DIVERSE
920720006706597893, PROPAGANDA
921180989367508992, DIVERSE
922411736296194048, PROPAGANDA
922428359598071810, PROPAGANDA
922444150569689088, PROPAGANDA
922553363312627713, PROPAGANDA
923143298612695040, PROPAGANDA
923298255177502721, PROPAGANDA
923319696111304704, DIVERSE
923615045300506630, PROPAGANDA
923618385996533760, DIVERSE
923766052366028800, PROPAGANDA
924099328725209089, PROPAGANDA
924111754946383874, PROPAGANDA
924126298561220608, PROPAGANDA
924368759049080832, PROPAGANDA
924377470253576192, DIVERSE
924476212147343360, DIVERSE
925090271116824577, DIVERSE
925118207979073536, DIVERSE
925366269834137602, PROPAGANDA
925373976905420801, DIVERSE
925389053653954560, PROPAGANDA
925683228593102849, PROPAGANDA
925687944412884992, DIVERSE
925889904248344576, DIVERSE
925990254217256960, PROPAGANDA
926728548131463168, PROPAGANDA
927036529922502657, DIVERSE
927225828458549249, PROPAGANDA
927372104596709376, DIVERSE
927476175437430784, PROPAGANDA
927563955429675009, DIVERSE
927661813646405633, PROPAGANDA
927883904777940993, PROPAGANDA
927919247812153344, PROPAGANDA
928025225769443329, DIVERSE
928103143132590080, DIVERSE
928240352322052096, PROPAGANDA
928367627629682691, DIVERSE
928599515854262272, DIVERSE
928702012635734016, PROPAGANDA
928752108874141696, PROPAGANDA
929065207061676032, PROPAGANDA
929129355405643782, DIVERSE
929811697308717062, DIVERSE
929859316504461312, PROPAGANDA
930125137269198850, DIVERSE
931008157475835904, DIVERSE
931121059818074112, DIVERSE
931597409150558209, PROPAGANDA
932068995833958400, DIVERSE
932509478066548736, PROPAGANDA
932666960609005573, DIVERSE
933103942149455874, DIVERSE
933735244800380928, PROPAGANDA
933830053523320832, DIVERSE
933840582014918658, DIVERSE
934121533559197697, DIVERSE
934228610772324352, DIVERSE
934331872712290304, PROPAGANDA
934395557531082752, DIVERSE
934795327139385351, PROPAGANDA
935184600229347328, PROPAGANDA
935917260207804417, PROPAGANDA
936046878378151936, DIVERSE
936276091215413248, DIVERSE
936307395080392704, PROPAGANDA
936357847276900352, DIVERSE
936457441474117632, PROPAGANDA
936672846918676480, DIVERSE
937025104482934784, PROPAGANDA
937097725597945857, PROPAGANDA
937694960157159425, PROPAGANDA
938093970059661314, PROPAGANDA
938554873536278529, PROPAGANDA
938559814279548928, PROPAGANDA
938577035445899264, PROPAGANDA
938748012486066177, PROPAGANDA
939146227865784322, PROPAGANDA
939212117248479232, DIVERSE
940621128007024642, PROPAGANDA
941397519208206337, DIVERSE
941686411626991616, PROPAGANDA
941930633554747394, PROPAGANDA
941972441869508608, DIVERSE
942277318642487296, PROPAGANDA
942394622797639680, DIVERSE
942494340718395393, DIVERSE
942585424815493120, PROPAGANDA
942984942308425728, DIVERSE
943405190279061504, DIVERSE
943551139726938112, PROPAGANDA
944104496409522176, PROPAGANDA
944324165234057221, PROPAGANDA
944666930073489408, DIVERSE
945178645693419521, PROPAGANDA
945553026198179840, PROPAGANDA
945764896888819712, DIVERSE
945774593679220742, DIVERSE
946011088952483842, DIVERSE
947210308191490049, DIVERSE
947220628934942720, PROPAGANDA
947513994306351104, PROPAGANDA
947926097299206144, DIVERSE
948883486823403520, DIVERSE
949016701668032512, PROPAGANDA
949048168980910081, PROPAGANDA
949076624414212109, DIVERSE
949637106292396032, PROPAGANDA
949672979180478472, DIVERSE
949819738061987840, PROPAGANDA
950058515103715328, DIVERSE
950141051855130626, PROPAGANDA
950329195862769664, PROPAGANDA
950410670712983552, PROPAGANDA
950478924945002497, DIVERSE
950541326008946690, PROPAGANDA
950795503071047680, PROPAGANDA
950838039718367233, DIVERSE
951279338011447296, PROPAGANDA
951402097194434561, PROPAGANDA
951434487845609472, PROPAGANDA
952122216551985153, DIVERSE
952172276732039168, DIVERSE
952179640227061760, PROPAGANDA
952182524184289280, NON_PROPAGANDA
952251270299086854, DIVERSE
953434027545022466, DIVERSE
954041968333672449, DIVERSE
954292325903163392, DIVERSE
954335584339800065, PROPAGANDA
954420862761029638, DIVERSE
954769415802900485, DIVERSE
954815181594480644, DIVERSE
954818340094140418, DIVERSE
954872065378709504, PROPAGANDA
955065306539536384, DIVERSE
955151041300852736, PROPAGANDA
955157614031187968, PROPAGANDA
955163914299375616, PROPAGANDA
955186904714170371, DIVERSE
955216488759250944, PROPAGANDA
955272636157890566, PROPAGANDA
955280505406132225, PROPAGANDA
955498665891778568, DIVERSE
955539844268220417, DIVERSE
955715274824613890, PROPAGANDA
955768215463956482, PROPAGANDA
955828986038407169, DIVERSE
956050070381752321, PROPAGANDA
956245790304997379, DIVERSE
956317748791070720, DIVERSE
956450531475632128, DIVERSE
956515009231769601, DIVERSE
956570539069407232, DIVERSE
956577214249816064, PROPAGANDA
956589937020858369, PROPAGANDA
956617157714071553, PROPAGANDA
956628519471271936, PROPAGANDA
956629291743240192, PROPAGANDA
956636438795341830, PROPAGANDA
956665091734364161, PROPAGANDA
956680072655724545, PROPAGANDA
956862018300137472, PROPAGANDA
956957207253409793, PROPAGANDA
956972146038923265, PROPAGANDA
956978642189475840, PROPAGANDA
956981980121522177, PROPAGANDA
957039391733702661, DIVERSE
957062756716433408, PROPAGANDA
957207184282136578, DIVERSE
957292269920505856, PROPAGANDA
957296557703000064, PROPAGANDA
957298106231599104, PROPAGANDA
957353485997133824, PROPAGANDA
957678872715292672, DIVERSE
958006264847577088, DIVERSE
958063203841429509, PROPAGANDA
958066495057211393, PROPAGANDA
958368530843529216, DIVERSE
958445663074836482, DIVERSE
958821261857247234, PROPAGANDA
958868280223191040, PROPAGANDA
958871443395219457, PROPAGANDA
958881125778194434, PROPAGANDA
959124087930015744, PROPAGANDA
959215846009790466, PROPAGANDA
959412992399020033, PROPAGANDA
959453545052418049, PROPAGANDA
959536169393500165, PROPAGANDA
959540265513115648, PROPAGANDA
960219763933876225, PROPAGANDA
960237061570777088, PROPAGANDA
960429091211145217, DIVERSE
960566026525081601, DIVERSE
961910062884245504, DIVERSE
962145975870672896, DIVERSE
962299001168171008, PROPAGANDA
962341685027065856, DIVERSE
962647623567110144, DIVERSE
962752934567206912, PROPAGANDA
962764621689098243, DIVERSE
963065453751959552, PROPAGANDA
963112009893072896, DIVERSE
963163390943391745, PROPAGANDA
963166735787548672, PROPAGANDA
963782762275786757, PROPAGANDA
964085293455462402, DIVERSE
964188565751070720, DIVERSE
964268876635746313, DIVERSE
964908898837848065, DIVERSE
965182085181911042, PROPAGANDA
965255465373401089, DIVERSE
965291677387710464, PROPAGANDA
965513618656825344, PROPAGANDA
966078234038296582, DIVERSE
966333418333245443, DIVERSE
966374882152976384, PROPAGANDA
966780572898127873, PROPAGANDA
967128711282724865, PROPAGANDA
967173540658237440, DIVERSE
967817169143828490, DIVERSE
968135319953473542, DIVERSE
968143264674205696, DIVERSE
968736754206433280, DIVERSE
968787409730265088, DIVERSE
968898969681256448, DIVERSE
969164123413123073, PROPAGANDA
969260341275381761, DIVERSE
969279392076746752, PROPAGANDA
969541520863956992, PROPAGANDA
969557237713731584, PROPAGANDA
969698219021275136, PROPAGANDA
969900638493700097, DIVERSE
970362267073155073, DIVERSE
970377006067208193, PROPAGANDA
970378627069210624, PROPAGANDA
970701650909450240, DIVERSE
971017773408276480, DIVERSE
971033463133483010, PROPAGANDA
971172150894882817, PROPAGANDA
971295566570323969, PROPAGANDA
971640997577883649, DIVERSE
971648240595750912, DIVERSE
971775035051511808, PROPAGANDA
971778191227572225, PROPAGANDA
972123876749660160, PROPAGANDA
972130441829453825, PROPAGANDA
972316189937586176, PROPAGANDA
972744975325769728, PROPAGANDA
972975552905777154, DIVERSE
973135425660432386, DIVERSE
973314066289692672, DIVERSE
973417924257091584, DIVERSE
973542458637381632, DIVERSE
973670306601717762, PROPAGANDA
973753765932224512, PROPAGANDA
973925523096244224, PROPAGANDA
974019006167486466, PROPAGANDA
974207994694176769, DIVERSE
974227406390210562, DIVERSE
974405745688170497, DIVERSE
974661590850195456, PROPAGANDA
974739644154867712, DIVERSE
974850004698517505, DIVERSE
974927319252000768, DIVERSE
974952462405783552, DIVERSE
975032007486033921, PROPAGANDA
975097263348383750, PROPAGANDA
975110233956679680, PROPAGANDA
975153774246457344, PROPAGANDA
975292769655754752, PROPAGANDA
975420702571532294, PROPAGANDA
975437930641674240, DIVERSE
975480928758915072, DIVERSE
975516831338418177, DIVERSE
975667313574805504, DIVERSE
975753082729648128, PROPAGANDA
975787784320487426, DIVERSE
975821725177995264, PROPAGANDA
975900765557473281, PROPAGANDA
976082261576732673, DIVERSE
976135799979864067, DIVERSE
976171878363607042, PROPAGANDA
976213507992629248, PROPAGANDA
976218711832121344, DIVERSE
976371584830238722, DIVERSE
976401530529243137, PROPAGANDA
976497247696441344, DIVERSE
976542765474607104, PROPAGANDA
976600390450974720, PROPAGANDA
976741368512110592, PROPAGANDA
976849831762198534, PROPAGANDA
976913351556165632, DIVERSE
976987521082150914, PROPAGANDA
977159051820879873, DIVERSE
977209940006891521, DIVERSE
977551350753087488, DIVERSE
977608724054446080, PROPAGANDA
977626485245825026, DIVERSE
977644843773104135, PROPAGANDA
977657818613452801, DIVERSE
977688870874738688, PROPAGANDA
977696197308764160, PROPAGANDA
977916662753226753, DIVERSE
977984174480154629, DIVERSE
978018490803261442, DIVERSE
978031814127349760, DIVERSE
978067920478720002, DIVERSE
978192713358209024, PROPAGANDA
978399566595788801, DIVERSE
978402835476992000, DIVERSE
978618159094796288, DIVERSE
978630238048604160, PROPAGANDA
978649690219696128, DIVERSE
