id, node_color
2274201, DIVERSE
7970992, DIVERSE
14513512, DIVERSE
15111744, DIVERSE
16248292, DIVERSE
16591997, NON_PROPAGANDA
16624525, DIVERSE
22855901, DIVERSE
33642558, DIVERSE
36636494, DIVERSE
42196320, DIVERSE
51096905, DIVERSE
51181826, DIVERSE
52067288, DIVERSE
52695697, DIVERSE
53059376, DIVERSE
55222094, DIVERSE
57898301, PROPAGANDA
58017260, DIVERSE
66080118, PROPAGANDA
71516564, DIVERSE
75997536, DIVERSE
77685623, DIVERSE
80573898, DIVERSE
80886145, NON_PROPAGANDA
82477460, DIVERSE
93491791, DIVERSE
94607562, DIVERSE
97232128, DIVERSE
98367469, DIVERSE
100201393, DIVERSE
100514614, DIVERSE
105142527, NON_PROPAGANDA
109035884, DIVERSE
111304633, DIVERSE
121237558, DIVERSE
121765080, DIVERSE
122597939, DIVERSE
125273218, DIVERSE
128628690, DIVERSE
130533425, NON_PROPAGANDA
131418979, NON_PROPAGANDA
133266187, DIVERSE
136982031, DIVERSE
146159534, DIVERSE
148306893, DIVERSE
153845698, DIVERSE
156099077, DIVERSE
158534282, DIVERSE
159952000, DIVERSE
161113335, PROPAGANDA
161646679, DIVERSE
162681371, DIVERSE
163041731, DIVERSE
164979109, NON_PROPAGANDA
167231567, DIVERSE
167990892, DIVERSE
168755227, DIVERSE
171244078, DIVERSE
179897514, DIVERSE
182473366, DIVERSE
191803770, DIVERSE
195793173, DIVERSE
198597387, DIVERSE
205621191, DIVERSE
207197069, DIVERSE
216289357, PROPAGANDA
217263597, DIVERSE
220892003, DIVERSE
223544950, NON_PROPAGANDA
230702066, DIVERSE
230971152, DIVERSE
237826721, DIVERSE
238897491, DIVERSE
239079562, NON_PROPAGANDA
243589241, DIVERSE
243687497, DIVERSE
243775933, DIVERSE
244117351, DIVERSE
245289844, DIVERSE
246713125, DIVERSE
246747627, DIVERSE
246754124, DIVERSE
247227134, DIVERSE
247468980, DIVERSE
247483746, NON_PROPAGANDA
247912552, DIVERSE
248296799, DIVERSE
248757465, NON_PROPAGANDA
249073389, DIVERSE
249144163, DIVERSE
249654545, DIVERSE
250234024, DIVERSE
250295048, DIVERSE
251100437, DIVERSE
252254904, DIVERSE
252957203, DIVERSE
254665376, DIVERSE
254681551, DIVERSE
255587866, DIVERSE
255947148, DIVERSE
257109468, DIVERSE
257257669, DIVERSE
257651159, DIVERSE
257841422, DIVERSE
258090997, DIVERSE
258941240, DIVERSE
259617134, DIVERSE
259811618, DIVERSE
260454625, DIVERSE
260723375, DIVERSE
261195951, DIVERSE
262457844, DIVERSE
262819428, DIVERSE
263431314, DIVERSE
263543391, DIVERSE
263891746, DIVERSE
267086129, DIVERSE
267714517, DIVERSE
268545568, DIVERSE
269512392, DIVERSE
271127943, DIVERSE
272377371, DIVERSE
274530882, DIVERSE
274895833, DIVERSE
275412646, NON_PROPAGANDA
275694766, DIVERSE
277173857, DIVERSE
280393461, DIVERSE
280434016, DIVERSE
281160360, DIVERSE
281269490, DIVERSE
281462367, NON_PROPAGANDA
282065689, DIVERSE
284655413, DIVERSE
285620504, DIVERSE
289818218, DIVERSE
290178890, DIVERSE
290632880, DIVERSE
290722577, DIVERSE
291908441, DIVERSE
294513254, DIVERSE
295113790, DIVERSE
297419374, DIVERSE
298512955, DIVERSE
298664575, DIVERSE
301120393, DIVERSE
301883514, DIVERSE
305587868, DIVERSE
306260807, DIVERSE
306967618, DIVERSE
319901569, DIVERSE
320954038, DIVERSE
321000177, DIVERSE
325675081, DIVERSE
326074480, DIVERSE
326117650, DIVERSE
326987255, DIVERSE
327722701, DIVERSE
328206473, DIVERSE
331107509, PROPAGANDA
332589385, DIVERSE
334057976, DIVERSE
334670309, DIVERSE
340968723, DIVERSE
346145376, DIVERSE
353011926, DIVERSE
356329385, DIVERSE
357239860, DIVERSE
358040356, DIVERSE
359605953, DIVERSE
360771414, DIVERSE
362502852, DIVERSE
363246406, DIVERSE
363845524, DIVERSE
368142886, DIVERSE
369608964, DIVERSE
370556715, DIVERSE
371746639, DIVERSE
373866126, DIVERSE
375468504, DIVERSE
377062312, DIVERSE
377220633, DIVERSE
378231256, DIVERSE
380199423, DIVERSE
380547397, DIVERSE
382843259, NON_PROPAGANDA
384230724, DIVERSE
384429991, DIVERSE
385315022, DIVERSE
385350273, DIVERSE
385535951, DIVERSE
390731294, DIVERSE
392388189, DIVERSE
394830809, DIVERSE
396409525, DIVERSE
397528198, DIVERSE
398171803, DIVERSE
399963628, DIVERSE
408901457, DIVERSE
411346195, DIVERSE
414187574, DIVERSE
414236195, DIVERSE
416064924, NON_PROPAGANDA
416248929, DIVERSE
416440594, DIVERSE
418443466, DIVERSE
418661016, DIVERSE
419233834, DIVERSE
420525002, DIVERSE
421110584, DIVERSE
421721826, DIVERSE
421890530, DIVERSE
425687930, DIVERSE
425912197, DIVERSE
429220230, DIVERSE
431337155, DIVERSE
432424572, DIVERSE
432618159, DIVERSE
432844043, DIVERSE
432897186, DIVERSE
441893248, DIVERSE
442823413, DIVERSE
444875725, DIVERSE
445152825, DIVERSE
445293273, DIVERSE
446318129, DIVERSE
448374467, DIVERSE
450704412, DIVERSE
452368170, DIVERSE
453103180, DIVERSE
453428269, DIVERSE
455143024, DIVERSE
455986864, DIVERSE
458334386, DIVERSE
458777194, DIVERSE
460729951, DIVERSE
463854509, DIVERSE
464677630, DIVERSE
464820783, DIVERSE
464834664, DIVERSE
467422520, DIVERSE
469544027, DIVERSE
470102762, DIVERSE
476155432, DIVERSE
476356296, DIVERSE
476847191, NON_PROPAGANDA
490086192, PROPAGANDA
490866101, DIVERSE
491283324, DIVERSE
497289899, DIVERSE
500669870, DIVERSE
501961323, DIVERSE
502047042, NON_PROPAGANDA
504871395, DIVERSE
508780354, DIVERSE
512983828, DIVERSE
518174591, DIVERSE
518476056, DIVERSE
518633657, DIVERSE
520407281, DIVERSE
526343521, DIVERSE
534700107, DIVERSE
541486090, DIVERSE
542066844, DIVERSE
548331624, DIVERSE
549912548, DIVERSE
551570668, DIVERSE
552747318, DIVERSE
552909996, DIVERSE
561526649, DIVERSE
563885375, DIVERSE
567229050, DIVERSE
567564394, DIVERSE
573759957, DIVERSE
575277349, DIVERSE
586845018, DIVERSE
587672411, DIVERSE
592031222, DIVERSE
592314798, DIVERSE
595946021, DIVERSE
597101298, DIVERSE
603664587, DIVERSE
608149239, DIVERSE
615314107, DIVERSE
622054128, DIVERSE
624272728, NON_PROPAGANDA
624557599, DIVERSE
624686972, DIVERSE
625407310, DIVERSE
633917122, DIVERSE
634658827, DIVERSE
635576995, DIVERSE
701054891, DIVERSE
709327033, DIVERSE
712078254, DIVERSE
712363320, DIVERSE
717826254, NON_PROPAGANDA
728704327, DIVERSE
731326188, DIVERSE
737493661, DIVERSE
754335954, DIVERSE
774667758, DIVERSE
780305640, DIVERSE
783313538, DIVERSE
787211599, DIVERSE
793643882, DIVERSE
805032212, DIVERSE
829245931, DIVERSE
836508619, DIVERSE
839315774, NON_PROPAGANDA
843208044, DIVERSE
849877411, DIVERSE
856930862, DIVERSE
857868018, DIVERSE
859195092, DIVERSE
868275978, DIVERSE
880876537, DIVERSE
886724197, DIVERSE
889171106, DIVERSE
891448122, DIVERSE
895573358, DIVERSE
916943462, DIVERSE
927351564, DIVERSE
930331530, DIVERSE
930529058, DIVERSE
933132060, DIVERSE
937379768, DIVERSE
941413286, DIVERSE
950322907, DIVERSE
956175625, DIVERSE
961006244, DIVERSE
961361910, DIVERSE
968573936, DIVERSE
974334108, DIVERSE
974476958, DIVERSE
978763766, DIVERSE
995569525, DIVERSE
995787391, DIVERSE
996619939, DIVERSE
997139719, DIVERSE
999015997, DIVERSE
999319958, DIVERSE
1002650592, DIVERSE
1002844374, DIVERSE
1002901490, DIVERSE
1011066157, DIVERSE
1011455700, DIVERSE
1015834099, DIVERSE
1016229366, DIVERSE
1018255609, DIVERSE
1050858158, DIVERSE
1061600605, DIVERSE
1092542761, DIVERSE
1096742725, DIVERSE
1103047946, DIVERSE
1106086345, DIVERSE
1133951125, DIVERSE
1134792108, DIVERSE
1136829066, DIVERSE
1143380820, DIVERSE
1149393944, DIVERSE
1157901540, DIVERSE
1173187458, DIVERSE
1183658534, DIVERSE
1191248822, DIVERSE
1194109814, DIVERSE
1203080628, DIVERSE
1216808342, DIVERSE
1227011635, DIVERSE
1257203264, DIVERSE
1259129132, DIVERSE
1263104942, DIVERSE
1268283554, DIVERSE
1269489475, DIVERSE
1277585012, DIVERSE
1278543582, DIVERSE
1280752188, DIVERSE
1296719946, DIVERSE
1311797288, DIVERSE
1314408758, DIVERSE
1319102905, DIVERSE
1331108335, DIVERSE
1340258599, DIVERSE
1340284172, DIVERSE
1342636022, DIVERSE
1343177136, DIVERSE
1344275484, DIVERSE
1348074644, DIVERSE
1372859832, DIVERSE
1385863352, DIVERSE
1402376521, DIVERSE
1419142478, DIVERSE
1419314353, DIVERSE
1428355872, DIVERSE
1438404972, DIVERSE
1460798930, DIVERSE
1481808284, DIVERSE
1507042724, DIVERSE
1519289173, DIVERSE
1529698447, DIVERSE
1539719550, DIVERSE
1568597401, DIVERSE
1570421118, DIVERSE
1573631304, DIVERSE
1591529323, DIVERSE
1593211040, DIVERSE
1596716028, DIVERSE
1611310730, DIVERSE
1641459038, DIVERSE
1654242836, DIVERSE
1664756965, DIVERSE
1673072192, DIVERSE
1674151711, DIVERSE
1674182551, DIVERSE
1680934333, DIVERSE
1682896310, DIVERSE
1684309638, DIVERSE
1686935504, DIVERSE
1697458044, DIVERSE
1701616772, DIVERSE
1704039354, DIVERSE
1707859914, DIVERSE
1726649989, DIVERSE
1728380701, DIVERSE
1729699520, DIVERSE
1837931984, NON_PROPAGANDA
1843123872, DIVERSE
1856606750, DIVERSE
1887896845, DIVERSE
1900215307, DIVERSE
1904138971, DIVERSE
1915568922, DIVERSE
1927514377, DIVERSE
1936929722, DIVERSE
1938878996, DIVERSE
1968672823, DIVERSE
1978375435, DIVERSE
2154420058, DIVERSE
2155529002, DIVERSE
2156589938, DIVERSE
2160833119, DIVERSE
2165607934, DIVERSE
2171133273, DIVERSE
2172473723, DIVERSE
2176137460, DIVERSE
2180301033, DIVERSE
2181760339, DIVERSE
2192614378, DIVERSE
2219659092, DIVERSE
2222192868, DIVERSE
2223258386, DIVERSE
2224879871, DIVERSE
2224962036, DIVERSE
2230009800, DIVERSE
2243855627, DIVERSE
2244139774, DIVERSE
2249591503, DIVERSE
2258288874, DIVERSE
2263209383, DIVERSE
2277166103, DIVERSE
2279394056, DIVERSE
2291448871, DIVERSE
2292758505, DIVERSE
2307264856, DIVERSE
2319225526, DIVERSE
2319472112, DIVERSE
2327623608, DIVERSE
2341078132, DIVERSE
2352970223, DIVERSE
2355396143, DIVERSE
2371981753, DIVERSE
2399339752, DIVERSE
2407078978, DIVERSE
2410896149, DIVERSE
2412528170, DIVERSE
2414842548, DIVERSE
2417148120, DIVERSE
2418269809, DIVERSE
2433468680, DIVERSE
2437605457, DIVERSE
2439895124, DIVERSE
2441484007, DIVERSE
2452783827, DIVERSE
2453890849, DIVERSE
2465152075, DIVERSE
2474654286, DIVERSE
2475077852, DIVERSE
2484697919, DIVERSE
2490274032, DIVERSE
2503914708, DIVERSE
2504173933, DIVERSE
2506738925, DIVERSE
2519958769, DIVERSE
2544099769, DIVERSE
2573151897, DIVERSE
2580174954, DIVERSE
2587029252, DIVERSE
2590295020, NON_PROPAGANDA
2592887184, DIVERSE
2594563700, DIVERSE
2596552855, NON_PROPAGANDA
2598427876, DIVERSE
2605741696, DIVERSE
2615512251, DIVERSE
2622566769, DIVERSE
2664101982, DIVERSE
2684813765, DIVERSE
2699106120, DIVERSE
2729104397, DIVERSE
2740581328, NON_PROPAGANDA
2741312973, DIVERSE
2742009028, DIVERSE
2757004405, DIVERSE
2767955801, DIVERSE
2767984869, DIVERSE
2786115045, NON_PROPAGANDA
2787565554, DIVERSE
2792971701, DIVERSE
2793115700, DIVERSE
2803679022, NON_PROPAGANDA
2816925741, DIVERSE
2820698229, DIVERSE
2832605863, DIVERSE
2838205331, DIVERSE
2843113073, DIVERSE
2843702977, DIVERSE
2847050771, DIVERSE
2861144914, DIVERSE
2869599169, DIVERSE
2879877703, DIVERSE
2906797270, DIVERSE
2909107988, DIVERSE
2910159072, DIVERSE
2912596930, DIVERSE
2922054848, DIVERSE
2926325320, DIVERSE
2930477478, DIVERSE
2933874896, DIVERSE
2936970156, DIVERSE
2946131592, DIVERSE
2946640166, DIVERSE
2951658069, DIVERSE
2954089838, DIVERSE
2955998474, DIVERSE
2970144881, DIVERSE
2971173940, DIVERSE
2978330167, DIVERSE
2991599403, DIVERSE
2998699488, DIVERSE
2998822919, DIVERSE
3001146040, DIVERSE
3001841688, DIVERSE
3003603519, DIVERSE
3005789992, DIVERSE
3017535223, DIVERSE
3018337576, DIVERSE
3027921242, DIVERSE
3035120220, DIVERSE
3055703094, DIVERSE
3059821312, DIVERSE
3065839685, DIVERSE
3075912917, DIVERSE
3079002699, PROPAGANDA
3082136626, DIVERSE
3094523876, DIVERSE
3098099488, DIVERSE
3119808109, DIVERSE
3128735661, DIVERSE
3142496604, DIVERSE
3143064810, DIVERSE
3154036550, DIVERSE
3181040100, DIVERSE
3184239994, DIVERSE
3216759105, DIVERSE
3225123970, DIVERSE
3231024969, DIVERSE
3233928748, DIVERSE
3237687960, DIVERSE
3250425110, DIVERSE
3255760140, PROPAGANDA
3260615157, DIVERSE
3293436133, DIVERSE
3295932755, DIVERSE
3298662494, DIVERSE
3303310637, DIVERSE
3315499570, DIVERSE
3315972467, NON_PROPAGANDA
3318544431, DIVERSE
3318610126, DIVERSE
3323870657, DIVERSE
3327383174, DIVERSE
3345703492, DIVERSE
3360096724, DIVERSE
3374755199, DIVERSE
3393708244, DIVERSE
3401597293, DIVERSE
3413314515, DIVERSE
3434708717, DIVERSE
3435893926, DIVERSE
3557492176, DIVERSE
3568145595, DIVERSE
3622813818, DIVERSE
3638277432, DIVERSE
3639201264, DIVERSE
3642045557, DIVERSE
3709280421, DIVERSE
3802891169, DIVERSE
3808926861, DIVERSE
3816773441, DIVERSE
3978237134, DIVERSE
4035726395, DIVERSE
4047133943, DIVERSE
4114456342, DIVERSE
4121207475, DIVERSE
4243671285, DIVERSE
4261508345, DIVERSE
4269515135, DIVERSE
4292154497, NON_PROPAGANDA
4381153354, DIVERSE
4386955048, DIVERSE
4422097641, DIVERSE
4482904751, DIVERSE
4544956708, DIVERSE
4579773377, DIVERSE
4589446533, DIVERSE
4613526735, DIVERSE
4627794393, NON_PROPAGANDA
4690835402, DIVERSE
4743471580, NON_PROPAGANDA
4756425089, DIVERSE
4759038255, DIVERSE
4777221934, DIVERSE
4784003954, DIVERSE
4784978140, DIVERSE
4805804954, DIVERSE
4815714449, DIVERSE
4820517759, DIVERSE
4830045927, DIVERSE
4857409060, DIVERSE
4881822815, DIVERSE
703288311155134465, DIVERSE
703603151274971136, DIVERSE
706217324563578881, DIVERSE
706553768339488772, DIVERSE
711658776210874368, DIVERSE
713103256742936576, DIVERSE
714769841673134082, DIVERSE
718027518641614849, DIVERSE
718045156671373313, DIVERSE
718411200162361344, DIVERSE
718929095720091650, DIVERSE
719277033503780865, DIVERSE
719616442233188355, DIVERSE
719721270070353921, DIVERSE
719900617179860993, DIVERSE
722433365517955072, DIVERSE
724530619087245312, DIVERSE
724623535109472256, DIVERSE
726196189524295680, DIVERSE
726911179063451648, DIVERSE
727065370998280192, DIVERSE
727087414389428224, DIVERSE
727904477353783296, DIVERSE
729034544242933760, DIVERSE
730461385818292224, NON_PROPAGANDA
731448075105996800, DIVERSE
732227088602791938, DIVERSE
732290670854017025, DIVERSE
733285152533647361, DIVERSE
735560020310544389, DIVERSE
736509061441703936, DIVERSE
736968449008766980, DIVERSE
737231175979302912, DIVERSE
739618227098095616, DIVERSE
739836344147513344, DIVERSE
740694544522608641, DIVERSE
741153195263692801, DIVERSE
742078695481970688, DIVERSE
742307620606889984, DIVERSE
742799027587174400, DIVERSE
744546109394124800, DIVERSE
745218282584678400, DIVERSE
747202701256237057, DIVERSE
748084496965181440, DIVERSE
748677935297593344, DIVERSE
758866278928879616, DIVERSE
759014209501798404, DIVERSE
759888056673505280, NON_PROPAGANDA
761329755400630272, DIVERSE
764055242728235008, DIVERSE
765789381793841152, DIVERSE
766966131269787648, DIVERSE
770917838919958528, DIVERSE
771784838781206528, DIVERSE
772965676101341184, DIVERSE
773054843950927872, DIVERSE
775570112858484736, DIVERSE
776752546765533184, DIVERSE
777376663634075648, NON_PROPAGANDA
777830975241846784, DIVERSE
778378297541533696, DIVERSE
778689577267539968, DIVERSE
779008348708597760, DIVERSE
779023558513131520, DIVERSE
780308793670438912, DIVERSE
781636305071529989, DIVERSE
783099007971262464, DIVERSE
784473829183807488, DIVERSE
785177052697747456, DIVERSE
786304786928984064, DIVERSE
787030926010249216, DIVERSE
787728263649034240, DIVERSE
788282937808719872, DIVERSE
789408337137840128, DIVERSE
789899474202165248, DIVERSE
791328911279915009, DIVERSE
794260826798559233, DIVERSE
794922212054749184, DIVERSE
795973119219499008, DIVERSE
796818000527687681, DIVERSE
797030244515479552, DIVERSE
797352935432867840, DIVERSE
798482776278368256, DIVERSE
798592068679593984, DIVERSE
799201176113807360, NON_PROPAGANDA
799342685299638272, DIVERSE
799430289554624514, DIVERSE
800285974030782464, DIVERSE
800413017649266688, DIVERSE
803790087544770561, DIVERSE
804021283646304256, DIVERSE
805122193323683840, DIVERSE
807468851277496320, DIVERSE
810303110514143232, NON_PROPAGANDA
810942017324908546, DIVERSE
812330176939966464, DIVERSE
814475051936391168, DIVERSE
814932860708814848, DIVERSE
815246387050926080, DIVERSE
815626754765258753, DIVERSE
818025535808962560, DIVERSE
819163287673774082, DIVERSE
819246519983472652, DIVERSE
819279278999240709, DIVERSE
821313315309834240, DIVERSE
823468092407869440, DIVERSE
824912061423611904, DIVERSE
826347794659160064, DIVERSE
830725698109263872, DIVERSE
830906553662320640, DIVERSE
837012647501520897, DIVERSE
837081771472715781, DIVERSE
837684644837457920, DIVERSE
837838142736584704, DIVERSE
837871557087281153, NON_PROPAGANDA
839466290217648128, DIVERSE
840307105999527944, NON_PROPAGANDA
840811127105830913, DIVERSE
841013680271683586, DIVERSE
842077442244263936, DIVERSE
842159581023338496, NON_PROPAGANDA
843142793589673984, DIVERSE
844546626299609088, DIVERSE
846529066937257988, DIVERSE
847360297660579840, DIVERSE
848879667130060801, DIVERSE
849319526252642305, DIVERSE
850417281494593537, DIVERSE
850657925148409858, DIVERSE
854677163219595265, DIVERSE
859522521238040576, DIVERSE
860509901046640644, DIVERSE
860889804803801088, DIVERSE
861004964193292288, DIVERSE
863451042553450496, DIVERSE
864880427831619584, DIVERSE
865481927431553024, DIVERSE
865976287680135168, DIVERSE
866002675359502336, NON_PROPAGANDA
866027005208387584, DIVERSE
866964776408293380, DIVERSE
867959580432773121, DIVERSE
868110137894088704, DIVERSE
868124533982711808, DIVERSE
868266567221510144, DIVERSE
868271327068770304, DIVERSE
868295152451891200, DIVERSE
869308075768991744, DIVERSE
870392341546360834, DIVERSE
871805495316762624, DIVERSE
874658308547805184, DIVERSE
876121276510863360, DIVERSE
876980951078899713, DIVERSE
877145999977926656, DIVERSE
877186150963830784, DIVERSE
877217019447431168, DIVERSE
880037601385881600, DIVERSE
882265434900373505, DIVERSE
882984683717496834, DIVERSE
884515524805365760, DIVERSE
884762354432475136, DIVERSE
885533106115145728, NON_PROPAGANDA
885742228731285504, DIVERSE
885863112573952000, DIVERSE
885940422354374656, DIVERSE
887472753405825024, DIVERSE
889101659040866309, NON_PROPAGANDA
889476851512598528, DIVERSE
889496805788069888, DIVERSE
889921432242794497, DIVERSE
891029682816249856, DIVERSE
891316356901199873, DIVERSE
892668385829564416, DIVERSE
893556398189162498, DIVERSE
896229569874857984, DIVERSE
898189842236014592, DIVERSE
899736790122332162, DIVERSE
899998182435893248, DIVERSE
900058096034361345, DIVERSE
900358886129115142, DIVERSE
902089229798387712, DIVERSE
902323985102319616, DIVERSE
904851902969602048, DIVERSE
906106814055493633, DIVERSE
906557275430637570, DIVERSE
907330129705279493, DIVERSE
907721180538384384, DIVERSE
908355792625176576, DIVERSE
909547261247582209, DIVERSE
909865009492234240, DIVERSE
910498192067788802, DIVERSE
911541285080719366, DIVERSE
912770376282918912, DIVERSE
913273628560625664, DIVERSE
913479992557924352, DIVERSE
913787422365888513, DIVERSE
914186532868763652, DIVERSE
914928591208665089, DIVERSE
915346830329810944, DIVERSE
915384226270375943, DIVERSE
916160083410784257, DIVERSE
917011468368973824, DIVERSE
917483946165915650, DIVERSE
918474149139398657, DIVERSE
918597513640374272, DIVERSE
918649573291298816, DIVERSE
918671245721456645, DIVERSE
919293220542124032, DIVERSE
920311880752750592, DIVERSE
921180989367508992, DIVERSE
923319696111304704, DIVERSE
924377470253576192, DIVERSE
925090271116824577, DIVERSE
925373976905420801, DIVERSE
925423626492444673, DIVERSE
925687944412884992, DIVERSE
925889904248344576, DIVERSE
927372104596709376, DIVERSE
927563955429675009, DIVERSE
928025225769443329, DIVERSE
929129355405643782, DIVERSE
929811697308717062, DIVERSE
929845188113108992, DIVERSE
930125137269198850, DIVERSE
931008157475835904, DIVERSE
932068995833958400, DIVERSE
932666960609005573, DIVERSE
933224820757561344, DIVERSE
933830053523320832, DIVERSE
933840582014918658, DIVERSE
934121533559197697, DIVERSE
934228610772324352, DIVERSE
934395557531082752, DIVERSE
934710840862871553, DIVERSE
936276091215413248, DIVERSE
936323360765632512, DIVERSE
936357847276900352, DIVERSE
941396980865093632, DIVERSE
941972441869508608, DIVERSE
942394622797639680, DIVERSE
942984942308425728, DIVERSE
943405190279061504, DIVERSE
944666930073489408, DIVERSE
945764896888819712, DIVERSE
945774593679220742, DIVERSE
947155722579693569, DIVERSE
947513994306351104, PROPAGANDA
947550607912718336, DIVERSE
949076624414212109, DIVERSE
949281968440725506, DIVERSE
949672979180478472, DIVERSE
950045815808167936, DIVERSE
950058515103715328, DIVERSE
950838039718367233, DIVERSE
952122216551985153, DIVERSE
952172276732039168, DIVERSE
952251270299086854, DIVERSE
953434027545022466, DIVERSE
954041968333672449, DIVERSE
954420862761029638, DIVERSE
954769415802900485, DIVERSE
954818340094140418, DIVERSE
955065306539536384, DIVERSE
955186904714170371, DIVERSE
955498665891778568, DIVERSE
955539844268220417, DIVERSE
955647070962151427, DIVERSE
956317748791070720, DIVERSE
956415052906729472, DIVERSE
957039391733702661, DIVERSE
957207184282136578, DIVERSE
958006264847577088, DIVERSE
958368530843529216, DIVERSE
958445663074836482, DIVERSE
958624918626816000, DIVERSE
959959832152477696, NON_PROPAGANDA
960429091211145217, DIVERSE
960566026525081601, DIVERSE
960943194761498624, DIVERSE
961275511942107143, DIVERSE
961910062884245504, DIVERSE
962145975870672896, DIVERSE
962341685027065856, DIVERSE
962647623567110144, DIVERSE
962708176054472704, DIVERSE
962710365393080320, DIVERSE
962998546424266752, DIVERSE
963325885821702144, DIVERSE
964085293455462402, DIVERSE
964268876635746313, DIVERSE
964908898837848065, DIVERSE
964980730324545537, DIVERSE
966078234038296582, DIVERSE
966333418333245443, DIVERSE
966930410130366464, NON_PROPAGANDA
967047168560435205, DIVERSE
967173540658237440, DIVERSE
967817169143828490, DIVERSE
968135319953473542, DIVERSE
968143264674205696, DIVERSE
968736754206433280, DIVERSE
968787409730265088, DIVERSE
968898969681256448, DIVERSE
969238226945937413, DIVERSE
969900638493700097, DIVERSE
970362267073155073, DIVERSE
970984996449210368, DIVERSE
971469536724770817, DIVERSE
971640997577883649, DIVERSE
971648240595750912, DIVERSE
972523298700627969, DIVERSE
972617273180639232, DIVERSE
972952945720520704, DIVERSE
972975552905777154, DIVERSE
973135425660432386, DIVERSE
973417924257091584, DIVERSE
973542458637381632, DIVERSE
974034488731815936, PROPAGANDA
974207994694176769, DIVERSE
974227406390210562, DIVERSE
974405745688170497, DIVERSE
974739644154867712, DIVERSE
974952462405783552, DIVERSE
975159819828125698, DIVERSE
975516831338418177, DIVERSE
975667313574805504, DIVERSE
976082261576732673, DIVERSE
976135799979864067, DIVERSE
976218711832121344, DIVERSE
976223391572287491, DIVERSE
976371584830238722, DIVERSE
976451958784581632, PROPAGANDA
976497247696441344, DIVERSE
976704816641691648, DIVERSE
976913351556165632, DIVERSE
977159051820879873, DIVERSE
977209940006891521, DIVERSE
977551350753087488, DIVERSE
977616369998016512, NON_PROPAGANDA
977626485245825026, DIVERSE
977657818613452801, DIVERSE
977745807347781632, DIVERSE
977916662753226753, DIVERSE
977986486086840320, NON_PROPAGANDA
978018490803261442, DIVERSE
978031814127349760, DIVERSE
978399566595788801, DIVERSE
978402835476992000, DIVERSE
978618159094796288, DIVERSE
978649690219696128, DIVERSE
978735594464477184, DIVERSE
