id, node_color
608583, NON_PROPAGANDA
6529172, NON_PROPAGANDA
8283682, DIVERSE
8306652, DIVERSE
10841542, DIVERSE
14327636, NON_PROPAGANDA
14368769, DIVERSE
14642277, NON_PROPAGANDA
15229047, DIVERSE
15459631, NON_PROPAGANDA
15944292, NON_PROPAGANDA
18567793, NON_PROPAGANDA
18725815, NON_PROPAGANDA
19100952, NON_PROPAGANDA
20755611, NON_PROPAGANDA
20914880, DIVERSE
24511488, NON_PROPAGANDA
27600935, NON_PROPAGANDA
27866014, NON_PROPAGANDA
29132222, DIVERSE
33278557, NON_PROPAGANDA
33616444, DIVERSE
36636494, DIVERSE
39448872, NON_PROPAGANDA
40701142, NON_PROPAGANDA
42188352, NON_PROPAGANDA
42196320, DIVERSE
42432365, DIVERSE
42826901, NON_PROPAGANDA
43590166, NON_PROPAGANDA
44450457, DIVERSE
44650657, DIVERSE
45939351, NON_PROPAGANDA
49286622, DIVERSE
49605381, NON_PROPAGANDA
49618611, DIVERSE
50426168, DIVERSE
50613144, DIVERSE
52017541, NON_PROPAGANDA
52032722, NON_PROPAGANDA
52357763, DIVERSE
52711966, DIVERSE
53059376, DIVERSE
53685584, NON_PROPAGANDA
55509279, DIVERSE
61826424, NON_PROPAGANDA
62397313, DIVERSE
63512448, DIVERSE
64048909, NON_PROPAGANDA
68512320, NON_PROPAGANDA
69948337, DIVERSE
71516564, DIVERSE
76379893, DIVERSE
77968716, NON_PROPAGANDA
78593879, DIVERSE
79699691, NON_PROPAGANDA
80886145, NON_PROPAGANDA
80898912, DIVERSE
81871859, DIVERSE
85170290, NON_PROPAGANDA
87768852, NON_PROPAGANDA
89221733, DIVERSE
94774012, NON_PROPAGANDA
97999053, DIVERSE
103591569, PROPAGANDA
104147896, NON_PROPAGANDA
105556464, DIVERSE
109035884, DIVERSE
111426825, NON_PROPAGANDA
114748010, DIVERSE
115884031, NON_PROPAGANDA
116179209, DIVERSE
116416539, NON_PROPAGANDA
117999229, DIVERSE
118970094, DIVERSE
121237558, DIVERSE
125434176, DIVERSE
125956386, NON_PROPAGANDA
126768770, DIVERSE
127663103, DIVERSE
128628690, DIVERSE
129024813, DIVERSE
129036006, NON_PROPAGANDA
130662012, DIVERSE
130850511, DIVERSE
130857133, DIVERSE
131418979, NON_PROPAGANDA
131605132, NON_PROPAGANDA
132686355, DIVERSE
132882970, NON_PROPAGANDA
133021282, NON_PROPAGANDA
133266187, DIVERSE
135682539, NON_PROPAGANDA
136918688, NON_PROPAGANDA
137140334, DIVERSE
138579657, DIVERSE
140201736, NON_PROPAGANDA
146611926, NON_PROPAGANDA
149170207, NON_PROPAGANDA
149215500, DIVERSE
150614592, DIVERSE
151965162, NON_PROPAGANDA
152014217, DIVERSE
152444281, NON_PROPAGANDA
152545759, NON_PROPAGANDA
153080729, DIVERSE
156912934, NON_PROPAGANDA
157995709, NON_PROPAGANDA
161858629, DIVERSE
161944695, NON_PROPAGANDA
162309624, NON_PROPAGANDA
162327314, NON_PROPAGANDA
163567548, NON_PROPAGANDA
163850165, DIVERSE
164979109, NON_PROPAGANDA
166987829, NON_PROPAGANDA
167050566, DIVERSE
168093060, NON_PROPAGANDA
170189638, DIVERSE
174920833, NON_PROPAGANDA
178837438, NON_PROPAGANDA
181274223, DIVERSE
182563018, NON_PROPAGANDA
182662146, NON_PROPAGANDA
186237166, NON_PROPAGANDA
189570401, DIVERSE
190505211, NON_PROPAGANDA
191269622, DIVERSE
192040655, NON_PROPAGANDA
194911597, DIVERSE
196689502, DIVERSE
197893173, DIVERSE
198440182, DIVERSE
200374750, DIVERSE
204050057, DIVERSE
204298620, DIVERSE
205254930, DIVERSE
209214695, NON_PROPAGANDA
213738552, DIVERSE
217084090, DIVERSE
217743161, DIVERSE
218000570, NON_PROPAGANDA
219594539, DIVERSE
220614984, NON_PROPAGANDA
220792348, DIVERSE
220934715, NON_PROPAGANDA
221022658, DIVERSE
222080436, NON_PROPAGANDA
222117821, NON_PROPAGANDA
222394861, NON_PROPAGANDA
223078695, DIVERSE
223621664, NON_PROPAGANDA
225909670, DIVERSE
226020906, NON_PROPAGANDA
226175033, NON_PROPAGANDA
226691487, DIVERSE
228469418, NON_PROPAGANDA
229901274, NON_PROPAGANDA
229907034, NON_PROPAGANDA
229980720, DIVERSE
231443786, NON_PROPAGANDA
234745025, NON_PROPAGANDA
236134551, DIVERSE
238492867, DIVERSE
241243999, DIVERSE
242673662, DIVERSE
242851900, DIVERSE
242959744, NON_PROPAGANDA
243102743, NON_PROPAGANDA
243119327, DIVERSE
243208344, DIVERSE
243419888, DIVERSE
243471823, NON_PROPAGANDA
243571016, DIVERSE
243732995, NON_PROPAGANDA
244028777, NON_PROPAGANDA
244594939, NON_PROPAGANDA
244947603, NON_PROPAGANDA
245019407, DIVERSE
245880979, DIVERSE
246214226, NON_PROPAGANDA
246243087, DIVERSE
246403324, NON_PROPAGANDA
246683610, NON_PROPAGANDA
246813096, NON_PROPAGANDA
246882277, DIVERSE
247252383, DIVERSE
247527359, NON_PROPAGANDA
247898337, NON_PROPAGANDA
248188034, DIVERSE
248757465, NON_PROPAGANDA
248884898, DIVERSE
248963596, NON_PROPAGANDA
249144163, DIVERSE
249546670, NON_PROPAGANDA
250102231, DIVERSE
250393044, DIVERSE
250480066, DIVERSE
250623436, DIVERSE
251009806, NON_PROPAGANDA
252237611, NON_PROPAGANDA
254020714, DIVERSE
254408474, NON_PROPAGANDA
254951487, DIVERSE
254994054, NON_PROPAGANDA
255171304, NON_PROPAGANDA
255523638, NON_PROPAGANDA
255596200, NON_PROPAGANDA
255860716, DIVERSE
255935216, DIVERSE
256068335, DIVERSE
256207362, NON_PROPAGANDA
256421669, DIVERSE
256442158, DIVERSE
256523034, DIVERSE
256580600, NON_PROPAGANDA
258483480, NON_PROPAGANDA
258699653, DIVERSE
259649279, NON_PROPAGANDA
259659949, NON_PROPAGANDA
260096049, DIVERSE
260193123, DIVERSE
261607775, DIVERSE
262061244, NON_PROPAGANDA
262457844, DIVERSE
262615853, NON_PROPAGANDA
263629900, NON_PROPAGANDA
263813012, DIVERSE
264413642, DIVERSE
264772799, NON_PROPAGANDA
265027110, NON_PROPAGANDA
265596724, DIVERSE
266997566, NON_PROPAGANDA
267218707, NON_PROPAGANDA
267848534, NON_PROPAGANDA
267906742, DIVERSE
268712649, DIVERSE
268832429, DIVERSE
268953271, NON_PROPAGANDA
269174281, DIVERSE
270244439, NON_PROPAGANDA
270622245, NON_PROPAGANDA
272369295, NON_PROPAGANDA
272389242, NON_PROPAGANDA
274530882, DIVERSE
274895833, DIVERSE
275503021, NON_PROPAGANDA
277661209, NON_PROPAGANDA
277956841, NON_PROPAGANDA
279101963, NON_PROPAGANDA
280196332, NON_PROPAGANDA
280288703, DIVERSE
281084015, DIVERSE
281462367, NON_PROPAGANDA
282936888, DIVERSE
282977213, NON_PROPAGANDA
283287165, DIVERSE
284461465, NON_PROPAGANDA
288920632, NON_PROPAGANDA
289234977, DIVERSE
289379917, NON_PROPAGANDA
290072000, DIVERSE
290226508, DIVERSE
290524547, NON_PROPAGANDA
291169000, DIVERSE
294418317, DIVERSE
295836779, DIVERSE
298512955, DIVERSE
301120393, DIVERSE
301243249, DIVERSE
310286511, NON_PROPAGANDA
310479767, NON_PROPAGANDA
310593498, NON_PROPAGANDA
310906519, DIVERSE
311542609, NON_PROPAGANDA
312347512, DIVERSE
314811663, NON_PROPAGANDA
314926857, NON_PROPAGANDA
315241043, NON_PROPAGANDA
317517172, NON_PROPAGANDA
319164766, NON_PROPAGANDA
319901569, DIVERSE
320734801, DIVERSE
321554110, NON_PROPAGANDA
321561389, DIVERSE
325830721, DIVERSE
326237471, NON_PROPAGANDA
326363801, NON_PROPAGANDA
327722701, DIVERSE
328569046, NON_PROPAGANDA
329023858, DIVERSE
330343031, NON_PROPAGANDA
330352676, NON_PROPAGANDA
330557927, DIVERSE
331237289, NON_PROPAGANDA
331605981, NON_PROPAGANDA
331786761, NON_PROPAGANDA
332756867, DIVERSE
333686841, NON_PROPAGANDA
334099422, DIVERSE
335244527, NON_PROPAGANDA
336030066, NON_PROPAGANDA
336851152, DIVERSE
342590655, DIVERSE
343126997, DIVERSE
343507403, NON_PROPAGANDA
343904121, DIVERSE
344274318, DIVERSE
344550622, DIVERSE
345271861, NON_PROPAGANDA
345512012, NON_PROPAGANDA
349712542, DIVERSE
352400028, DIVERSE
352489322, DIVERSE
352683068, DIVERSE
353353174, DIVERSE
353767713, DIVERSE
353926417, DIVERSE
357088550, DIVERSE
357833688, DIVERSE
358183099, NON_PROPAGANDA
360504984, DIVERSE
361101198, DIVERSE
363246406, DIVERSE
364148636, NON_PROPAGANDA
366323924, NON_PROPAGANDA
368050163, NON_PROPAGANDA
369608964, DIVERSE
370043646, DIVERSE
370093073, DIVERSE
370556715, DIVERSE
371131859, NON_PROPAGANDA
371389996, NON_PROPAGANDA
372527272, NON_PROPAGANDA
375788728, DIVERSE
377928553, NON_PROPAGANDA
378491470, DIVERSE
378503263, NON_PROPAGANDA
378576171, DIVERSE
379227005, NON_PROPAGANDA
379368218, DIVERSE
379609075, NON_PROPAGANDA
379688979, NON_PROPAGANDA
380061130, DIVERSE
380255508, DIVERSE
382189483, DIVERSE
384484673, DIVERSE
385145252, DIVERSE
385165870, NON_PROPAGANDA
386015858, DIVERSE
386787803, DIVERSE
387909450, NON_PROPAGANDA
387927222, NON_PROPAGANDA
388916830, DIVERSE
390733132, NON_PROPAGANDA
392388189, DIVERSE
392951301, NON_PROPAGANDA
395332155, DIVERSE
395963752, NON_PROPAGANDA
396383525, NON_PROPAGANDA
398702874, DIVERSE
403178761, NON_PROPAGANDA
407034362, NON_PROPAGANDA
410955818, DIVERSE
414187574, DIVERSE
415414097, DIVERSE
415462839, DIVERSE
415911609, NON_PROPAGANDA
416523314, NON_PROPAGANDA
417213854, DIVERSE
418213556, NON_PROPAGANDA
420646174, NON_PROPAGANDA
421721826, DIVERSE
421948657, DIVERSE
422243918, NON_PROPAGANDA
424718248, NON_PROPAGANDA
427024377, DIVERSE
429612199, NON_PROPAGANDA
430514836, NON_PROPAGANDA
430793406, NON_PROPAGANDA
431543414, DIVERSE
432618159, DIVERSE
432713951, DIVERSE
435117014, NON_PROPAGANDA
436671935, NON_PROPAGANDA
437017238, NON_PROPAGANDA
437292351, DIVERSE
438582009, DIVERSE
439811695, NON_PROPAGANDA
440122776, NON_PROPAGANDA
440647814, DIVERSE
446049669, DIVERSE
458777194, DIVERSE
459703729, NON_PROPAGANDA
459776364, DIVERSE
464563200, DIVERSE
464834664, DIVERSE
468153566, NON_PROPAGANDA
473859642, NON_PROPAGANDA
476847191, NON_PROPAGANDA
481354959, NON_PROPAGANDA
481529851, NON_PROPAGANDA
481609647, NON_PROPAGANDA
482105140, DIVERSE
483402680, DIVERSE
483431901, NON_PROPAGANDA
483724549, DIVERSE
485085414, DIVERSE
486069667, NON_PROPAGANDA
487707785, DIVERSE
491612291, NON_PROPAGANDA
495367778, DIVERSE
496276579, DIVERSE
499351315, DIVERSE
500066930, DIVERSE
501849447, DIVERSE
502047042, NON_PROPAGANDA
510942690, NON_PROPAGANDA
518031010, DIVERSE
519909009, NON_PROPAGANDA
520272922, DIVERSE
522201569, NON_PROPAGANDA
524731213, DIVERSE
525333751, DIVERSE
526196228, DIVERSE
526343521, DIVERSE
527442500, DIVERSE
531611055, DIVERSE
532545728, NON_PROPAGANDA
533642320, DIVERSE
536702904, DIVERSE
538720053, NON_PROPAGANDA
544113553, DIVERSE
545093430, NON_PROPAGANDA
549218237, NON_PROPAGANDA
549256555, NON_PROPAGANDA
550347149, DIVERSE
550371686, NON_PROPAGANDA
552382833, NON_PROPAGANDA
554549430, NON_PROPAGANDA
554723415, NON_PROPAGANDA
556373914, NON_PROPAGANDA
562118950, DIVERSE
568568619, DIVERSE
568804854, NON_PROPAGANDA
572618600, NON_PROPAGANDA
573075621, NON_PROPAGANDA
573458208, DIVERSE
575277349, DIVERSE
576270412, NON_PROPAGANDA
578220534, DIVERSE
578919588, NON_PROPAGANDA
581865119, DIVERSE
581967281, DIVERSE
583005535, NON_PROPAGANDA
590191382, DIVERSE
591196931, NON_PROPAGANDA
592306392, NON_PROPAGANDA
592392999, NON_PROPAGANDA
596581800, NON_PROPAGANDA
601191079, DIVERSE
603082887, NON_PROPAGANDA
605402003, DIVERSE
606420860, DIVERSE
608266275, DIVERSE
608572360, DIVERSE
609270665, NON_PROPAGANDA
612969433, NON_PROPAGANDA
614221772, NON_PROPAGANDA
615071966, NON_PROPAGANDA
615186194, NON_PROPAGANDA
616278725, DIVERSE
619847327, NON_PROPAGANDA
620487287, DIVERSE
622118806, DIVERSE
622348967, DIVERSE
622417532, NON_PROPAGANDA
623904051, NON_PROPAGANDA
625407310, DIVERSE
626601627, NON_PROPAGANDA
632085206, DIVERSE
632304281, DIVERSE
632623996, NON_PROPAGANDA
700268907, NON_PROPAGANDA
704142304, NON_PROPAGANDA
704769648, DIVERSE
711038648, DIVERSE
712400879, NON_PROPAGANDA
714962101, DIVERSE
715219325, DIVERSE
720002435, DIVERSE
735620779, NON_PROPAGANDA
738285763, DIVERSE
739030778, DIVERSE
741455749, NON_PROPAGANDA
745581510, DIVERSE
747924848, DIVERSE
751297867, DIVERSE
753906842, NON_PROPAGANDA
758852473, NON_PROPAGANDA
768971358, NON_PROPAGANDA
787211599, DIVERSE
795081842, DIVERSE
809369942, NON_PROPAGANDA
809659196, DIVERSE
809922679, NON_PROPAGANDA
811802395, NON_PROPAGANDA
812990610, NON_PROPAGANDA
819416377, NON_PROPAGANDA
840216872, NON_PROPAGANDA
843208044, DIVERSE
854128322, NON_PROPAGANDA
859272506, NON_PROPAGANDA
861210284, DIVERSE
863612714, NON_PROPAGANDA
875609286, DIVERSE
888703964, DIVERSE
889171106, DIVERSE
897844728, NON_PROPAGANDA
906866023, DIVERSE
916943462, DIVERSE
919212780, DIVERSE
919558969, DIVERSE
924299539, NON_PROPAGANDA
934906862, DIVERSE
935864377, NON_PROPAGANDA
950322907, DIVERSE
957224466, DIVERSE
958119553, NON_PROPAGANDA
963234216, DIVERSE
964463690, DIVERSE
969088477, DIVERSE
970982930, DIVERSE
973884542, NON_PROPAGANDA
981511208, NON_PROPAGANDA
993662516, NON_PROPAGANDA
993931494, DIVERSE
996122023, DIVERSE
996705444, DIVERSE
999015997, DIVERSE
1000989876, NON_PROPAGANDA
1008813240, DIVERSE
1011040237, DIVERSE
1013233826, DIVERSE
1029035317, NON_PROPAGANDA
1030333256, NON_PROPAGANDA
1032833845, DIVERSE
1036058359, NON_PROPAGANDA
1052578063, NON_PROPAGANDA
1060619030, DIVERSE
1061100446, DIVERSE
1063037390, DIVERSE
1063501603, DIVERSE
1085435814, DIVERSE
1093767823, DIVERSE
1099748508, NON_PROPAGANDA
1101014828, DIVERSE
1104768397, NON_PROPAGANDA
1105943366, DIVERSE
1108928515, NON_PROPAGANDA
1113619861, DIVERSE
1119263600, DIVERSE
1137203731, DIVERSE
1161176832, NON_PROPAGANDA
1166384598, DIVERSE
1166409830, NON_PROPAGANDA
1173362298, NON_PROPAGANDA
1183658534, DIVERSE
1189461486, NON_PROPAGANDA
1191248822, DIVERSE
1200538506, NON_PROPAGANDA
1207919964, DIVERSE
1226994534, DIVERSE
1236800431, DIVERSE
1240205702, NON_PROPAGANDA
1246174524, NON_PROPAGANDA
1251345889, DIVERSE
1251438439, DIVERSE
1263094303, NON_PROPAGANDA
1280310883, DIVERSE
1296960493, NON_PROPAGANDA
1303005234, NON_PROPAGANDA
1303786886, NON_PROPAGANDA
1317266480, NON_PROPAGANDA
1318153052, DIVERSE
1326981402, DIVERSE
1340443376, DIVERSE
1349972984, NON_PROPAGANDA
1355953423, DIVERSE
1360578446, NON_PROPAGANDA
1361073216, NON_PROPAGANDA
1376939318, NON_PROPAGANDA
1381199558, DIVERSE
1395421332, NON_PROPAGANDA
1396519771, NON_PROPAGANDA
1400907450, NON_PROPAGANDA
1424688720, NON_PROPAGANDA
1426692180, DIVERSE
1427648372, NON_PROPAGANDA
1431769220, NON_PROPAGANDA
1440298837, NON_PROPAGANDA
1454872188, NON_PROPAGANDA
1459585362, NON_PROPAGANDA
1470760464, NON_PROPAGANDA
1470804174, DIVERSE
1472502848, NON_PROPAGANDA
1488432072, NON_PROPAGANDA
1490098242, NON_PROPAGANDA
1493442871, NON_PROPAGANDA
1506170269, DIVERSE
1514809514, DIVERSE
1517969179, DIVERSE
1540497632, NON_PROPAGANDA
1546014914, NON_PROPAGANDA
1547091498, NON_PROPAGANDA
1548491077, DIVERSE
1560131940, DIVERSE
1566043386, DIVERSE
1566671071, DIVERSE
1574581346, DIVERSE
1574912846, DIVERSE
1584034387, DIVERSE
1586756136, DIVERSE
1595891612, DIVERSE
1613488194, DIVERSE
1617648258, DIVERSE
1618540088, NON_PROPAGANDA
1626919872, NON_PROPAGANDA
1640812638, NON_PROPAGANDA
1641459038, DIVERSE
1645195868, NON_PROPAGANDA
1657103328, NON_PROPAGANDA
1658511798, DIVERSE
1661377213, NON_PROPAGANDA
1666466142, DIVERSE
1694999226, NON_PROPAGANDA
1695764412, NON_PROPAGANDA
1697146644, NON_PROPAGANDA
1697871608, DIVERSE
1707859914, DIVERSE
1709797950, DIVERSE
1719662808, DIVERSE
1720125462, DIVERSE
1730233058, DIVERSE
1733276496, NON_PROPAGANDA
1735790797, NON_PROPAGANDA
1736408882, NON_PROPAGANDA
1837931984, NON_PROPAGANDA
1849058480, DIVERSE
1849797510, DIVERSE
1871994199, DIVERSE
1878562543, DIVERSE
1882292730, DIVERSE
1890498895, NON_PROPAGANDA
1895162918, DIVERSE
1896335052, DIVERSE
1904138971, DIVERSE
1909029067, NON_PROPAGANDA
1913920926, DIVERSE
1926767940, NON_PROPAGANDA
1927400568, NON_PROPAGANDA
1927514377, DIVERSE
1935523375, DIVERSE
1953180458, NON_PROPAGANDA
2149630553, DIVERSE
2160576675, NON_PROPAGANDA
2162554985, NON_PROPAGANDA
2165403949, DIVERSE
2166981103, NON_PROPAGANDA
2167106031, DIVERSE
2172260604, DIVERSE
2189769496, DIVERSE
2198055650, DIVERSE
2198625015, NON_PROPAGANDA
2211328200, DIVERSE
2224708782, DIVERSE
2228216012, DIVERSE
2230175442, NON_PROPAGANDA
2249591503, DIVERSE
2258488364, NON_PROPAGANDA
2270631548, NON_PROPAGANDA
2277166103, DIVERSE
2284288810, DIVERSE
2288405310, DIVERSE
2289467889, NON_PROPAGANDA
2291448871, DIVERSE
2299297918, NON_PROPAGANDA
2314172500, DIVERSE
2316138426, DIVERSE
2327623608, DIVERSE
2340138522, DIVERSE
2342542776, DIVERSE
2342717281, NON_PROPAGANDA
2352237175, DIVERSE
2353894106, DIVERSE
2357595545, NON_PROPAGANDA
2360175272, DIVERSE
2363005662, DIVERSE
2363235394, NON_PROPAGANDA
2364563267, NON_PROPAGANDA
2365355835, DIVERSE
2374027984, NON_PROPAGANDA
2376282847, NON_PROPAGANDA
2380259108, DIVERSE
2381708388, NON_PROPAGANDA
2385064642, NON_PROPAGANDA
2388406847, NON_PROPAGANDA
2388867149, NON_PROPAGANDA
2399311781, NON_PROPAGANDA
2410365049, NON_PROPAGANDA
2411542944, NON_PROPAGANDA
2416334342, NON_PROPAGANDA
2416457958, NON_PROPAGANDA
2418269809, DIVERSE
2418703358, NON_PROPAGANDA
2418784220, DIVERSE
2426506130, DIVERSE
2427477432, DIVERSE
2428402337, NON_PROPAGANDA
2429074505, NON_PROPAGANDA
2430324679, DIVERSE
2443666806, NON_PROPAGANDA
2446496337, DIVERSE
2449380489, DIVERSE
2458281210, NON_PROPAGANDA
2461977153, NON_PROPAGANDA
2464852529, NON_PROPAGANDA
2464863239, NON_PROPAGANDA
2465185377, NON_PROPAGANDA
2468130040, DIVERSE
2470458001, DIVERSE
2470783842, DIVERSE
2471568628, NON_PROPAGANDA
2478566467, NON_PROPAGANDA
2481572461, DIVERSE
2484697919, DIVERSE
2485093470, DIVERSE
2493490788, DIVERSE
2503819670, DIVERSE
2520890328, DIVERSE
2524341163, NON_PROPAGANDA
2531293767, NON_PROPAGANDA
2535257764, NON_PROPAGANDA
2538595956, NON_PROPAGANDA
2543403804, DIVERSE
2543615102, DIVERSE
2555765855, DIVERSE
2573151897, DIVERSE
2582582359, DIVERSE
2583334834, DIVERSE
2587316259, NON_PROPAGANDA
2591216228, DIVERSE
2594563700, DIVERSE
2595645826, NON_PROPAGANDA
2606433163, NON_PROPAGANDA
2608918090, DIVERSE
2622566769, DIVERSE
2625665632, DIVERSE
2648825498, NON_PROPAGANDA
2664975498, NON_PROPAGANDA
2675399599, NON_PROPAGANDA
2675776565, DIVERSE
2699106120, DIVERSE
2708722811, NON_PROPAGANDA
2719968489, DIVERSE
2722997103, DIVERSE
2731000026, DIVERSE
2744430826, NON_PROPAGANDA
2744827091, DIVERSE
2748553329, DIVERSE
2779278371, NON_PROPAGANDA
2789048962, DIVERSE
2792349332, DIVERSE
2793115700, DIVERSE
2798670142, DIVERSE
2802215540, DIVERSE
2804397326, DIVERSE
2826393688, DIVERSE
2831726296, NON_PROPAGANDA
2832605863, DIVERSE
2838720622, DIVERSE
2841137133, DIVERSE
2842585587, DIVERSE
2861823819, NON_PROPAGANDA
2865248262, DIVERSE
2866272891, DIVERSE
2870612512, DIVERSE
2872741702, NON_PROPAGANDA
2874700934, DIVERSE
2877342273, NON_PROPAGANDA
2892122332, NON_PROPAGANDA
2892695221, NON_PROPAGANDA
2894176661, DIVERSE
2896537596, DIVERSE
2901108016, DIVERSE
2907558513, DIVERSE
2910159072, DIVERSE
2912596930, DIVERSE
2913456233, DIVERSE
2915049650, DIVERSE
2915470771, NON_PROPAGANDA
2919382989, DIVERSE
2923535000, NON_PROPAGANDA
2924767732, NON_PROPAGANDA
2926325320, DIVERSE
2940085139, DIVERSE
2940890277, DIVERSE
2944443368, DIVERSE
2946699610, NON_PROPAGANDA
2948039338, DIVERSE
2948787802, DIVERSE
2951616154, DIVERSE
2956193849, NON_PROPAGANDA
2957674343, DIVERSE
2961168046, DIVERSE
2961271367, DIVERSE
2963523006, DIVERSE
2965412949, NON_PROPAGANDA
2971583243, NON_PROPAGANDA
2982893235, DIVERSE
2983160553, DIVERSE
2985908904, NON_PROPAGANDA
2986339677, NON_PROPAGANDA
2986577561, DIVERSE
3000152081, NON_PROPAGANDA
3005525607, NON_PROPAGANDA
3007770887, NON_PROPAGANDA
3011145972, NON_PROPAGANDA
3011963641, DIVERSE
3018337576, DIVERSE
3019178194, NON_PROPAGANDA
3022912089, NON_PROPAGANDA
3025250434, NON_PROPAGANDA
3025528114, DIVERSE
3026390393, NON_PROPAGANDA
3027289305, NON_PROPAGANDA
3027921242, DIVERSE
3039775581, NON_PROPAGANDA
3040557273, NON_PROPAGANDA
3049235678, DIVERSE
3056082865, DIVERSE
3060341377, NON_PROPAGANDA
3064728393, NON_PROPAGANDA
3066045905, NON_PROPAGANDA
3077244624, NON_PROPAGANDA
3078027188, DIVERSE
3081675441, NON_PROPAGANDA
3095133758, NON_PROPAGANDA
3100137599, NON_PROPAGANDA
3114243035, NON_PROPAGANDA
3115757037, NON_PROPAGANDA
3119004789, DIVERSE
3119818865, DIVERSE
3134644380, NON_PROPAGANDA
3141750279, DIVERSE
3143244397, DIVERSE
3151831602, DIVERSE
3154036550, DIVERSE
3157768360, NON_PROPAGANDA
3175675275, NON_PROPAGANDA
3181456886, DIVERSE
3193286881, NON_PROPAGANDA
3197567456, NON_PROPAGANDA
3207461229, DIVERSE
3215252344, DIVERSE
3220970508, NON_PROPAGANDA
3221317469, NON_PROPAGANDA
3226557659, NON_PROPAGANDA
3232337507, NON_PROPAGANDA
3236293620, NON_PROPAGANDA
3240818436, DIVERSE
3242387294, NON_PROPAGANDA
3257060822, DIVERSE
3260466392, DIVERSE
3260615157, DIVERSE
3266531900, NON_PROPAGANDA
3272597275, DIVERSE
3290903817, DIVERSE
3291811287, DIVERSE
3293075014, NON_PROPAGANDA
3302470884, DIVERSE
3302906345, NON_PROPAGANDA
3303310637, DIVERSE
3304869099, NON_PROPAGANDA
3311372984, NON_PROPAGANDA
3311615458, NON_PROPAGANDA
3313419237, DIVERSE
3313910608, NON_PROPAGANDA
3316623748, DIVERSE
3324449123, NON_PROPAGANDA
3329327105, NON_PROPAGANDA
3329476545, DIVERSE
3332689953, NON_PROPAGANDA
3337356485, NON_PROPAGANDA
3340103573, NON_PROPAGANDA
3343382951, NON_PROPAGANDA
3347320030, NON_PROPAGANDA
3349586973, DIVERSE
3349890670, NON_PROPAGANDA
3352468181, DIVERSE
3354184180, DIVERSE
3364190599, DIVERSE
3365795979, DIVERSE
3370859649, DIVERSE
3378057095, DIVERSE
3378254345, DIVERSE
3380064045, NON_PROPAGANDA
3384417664, DIVERSE
3385639619, DIVERSE
3392052263, DIVERSE
3396322023, DIVERSE
3397313500, DIVERSE
3401040687, DIVERSE
3401597293, DIVERSE
3402072700, DIVERSE
3402981856, DIVERSE
3403259115, DIVERSE
3406395203, DIVERSE
3413479205, NON_PROPAGANDA
3428669229, NON_PROPAGANDA
3433479285, DIVERSE
3433706637, DIVERSE
3435893926, DIVERSE
3440420172, DIVERSE
3461335888, NON_PROPAGANDA
3541279873, NON_PROPAGANDA
3601510515, NON_PROPAGANDA
3604464388, DIVERSE
3623556741, NON_PROPAGANDA
3629819656, DIVERSE
3651919095, DIVERSE
3666388997, DIVERSE
3696325587, DIVERSE
3816773441, DIVERSE
3853065615, DIVERSE
3870664763, DIVERSE
3895948882, NON_PROPAGANDA
3904142384, DIVERSE
3910944521, NON_PROPAGANDA
3927839296, DIVERSE
3941902707, NON_PROPAGANDA
3972631527, DIVERSE
3978237134, DIVERSE
3985092538, NON_PROPAGANDA
3986975423, DIVERSE
3989755431, NON_PROPAGANDA
3994699103, NON_PROPAGANDA
4015698976, NON_PROPAGANDA
4042390085, NON_PROPAGANDA
4060114758, DIVERSE
4099696313, DIVERSE
4100038156, DIVERSE
4120728443, NON_PROPAGANDA
4136045187, DIVERSE
4138466860, DIVERSE
4156639517, NON_PROPAGANDA
4180805981, DIVERSE
4218030455, DIVERSE
4224814985, DIVERSE
4228635573, DIVERSE
4229434217, DIVERSE
4250884757, DIVERSE
4258462703, DIVERSE
4279174276, NON_PROPAGANDA
4285870036, DIVERSE
4285967734, NON_PROPAGANDA
4305721043, NON_PROPAGANDA
4332047417, DIVERSE
4351595421, DIVERSE
4361411607, NON_PROPAGANDA
4393339913, NON_PROPAGANDA
4424993302, DIVERSE
4434423495, NON_PROPAGANDA
4475189547, NON_PROPAGANDA
4479261983, DIVERSE
4486485741, DIVERSE
4518940954, NON_PROPAGANDA
4527473242, NON_PROPAGANDA
4530401955, NON_PROPAGANDA
4568505153, NON_PROPAGANDA
4569952396, DIVERSE
4575745823, NON_PROPAGANDA
4579950681, DIVERSE
4597730957, DIVERSE
4599873994, NON_PROPAGANDA
4600174587, DIVERSE
4603135960, NON_PROPAGANDA
4616062457, DIVERSE
4621926136, DIVERSE
4627794393, NON_PROPAGANDA
4643082382, DIVERSE
4691758902, DIVERSE
4697977214, DIVERSE
4729581921, DIVERSE
4730976502, DIVERSE
4822715015, NON_PROPAGANDA
4826532453, NON_PROPAGANDA
4829464306, DIVERSE
4830608535, DIVERSE
4832741807, NON_PROPAGANDA
4838379383, DIVERSE
4846931817, DIVERSE
4854672736, NON_PROPAGANDA
4855232039, NON_PROPAGANDA
4866510309, DIVERSE
4877312859, NON_PROPAGANDA
4881104038, NON_PROPAGANDA
4890834491, DIVERSE
4892233569, NON_PROPAGANDA
4909754860, NON_PROPAGANDA
4916307257, DIVERSE
701513183677325316, NON_PROPAGANDA
702481993464942592, NON_PROPAGANDA
704709279631208448, DIVERSE
704959000744431617, NON_PROPAGANDA
705246830200758272, DIVERSE
705321904224210945, DIVERSE
705810822891749376, DIVERSE
706955613838905345, DIVERSE
707693514835042305, NON_PROPAGANDA
709106146389442560, NON_PROPAGANDA
709433187718582272, DIVERSE
710795964211195905, DIVERSE
711303312604307456, DIVERSE
711388231225446400, DIVERSE
712048047782567936, DIVERSE
712774455563526147, NON_PROPAGANDA
712845282355060736, NON_PROPAGANDA
712858242347622400, NON_PROPAGANDA
713691726418952194, DIVERSE
713858794359504896, DIVERSE
715902644284424192, NON_PROPAGANDA
717463149079826432, NON_PROPAGANDA
720066254980149249, NON_PROPAGANDA
720409308832227329, DIVERSE
720702821843222529, DIVERSE
720745824116977664, DIVERSE
721267544250834945, DIVERSE
721769702134038530, DIVERSE
722433365517955072, DIVERSE
722481611330203649, DIVERSE
722509711963267072, NON_PROPAGANDA
723542802706096128, DIVERSE
724359488543809536, DIVERSE
726375074488537089, DIVERSE
727065370998280192, DIVERSE
727194538176073728, NON_PROPAGANDA
730330516361236480, DIVERSE
731380378687160320, DIVERSE
731448075105996800, DIVERSE
732095099153358848, DIVERSE
732290670854017025, DIVERSE
733285152533647361, DIVERSE
733863428469620736, NON_PROPAGANDA
736968449008766980, DIVERSE
738233330760581120, DIVERSE
739660228971659264, DIVERSE
740458446672285698, DIVERSE
741153195263692801, DIVERSE
741384638229323776, DIVERSE
742189387308539904, NON_PROPAGANDA
742386898958725121, DIVERSE
743132260870848512, DIVERSE
744538543838617604, DIVERSE
744665795003822080, DIVERSE
745588261020704768, NON_PROPAGANDA
747013422907277312, NON_PROPAGANDA
748190789705031684, NON_PROPAGANDA
748725715751800832, DIVERSE
748780068353110016, DIVERSE
749313844330233856, NON_PROPAGANDA
749792327355473920, DIVERSE
750695890889900032, PROPAGANDA
751838426647949312, DIVERSE
752956262242017280, DIVERSE
754179614315085824, NON_PROPAGANDA
754765156966666240, DIVERSE
755088257923317761, DIVERSE
756755186215968768, NON_PROPAGANDA
757569518298402816, NON_PROPAGANDA
757717328524083200, DIVERSE
757851910653157376, DIVERSE
759888056673505280, NON_PROPAGANDA
760120042705018880, DIVERSE
760805201951481856, DIVERSE
760844042410176512, DIVERSE
761558944984756224, DIVERSE
762361960092540928, DIVERSE
762725046066507780, NON_PROPAGANDA
765044290296872960, NON_PROPAGANDA
765349804838756352, NON_PROPAGANDA
765472639842476033, NON_PROPAGANDA
765520766976786432, NON_PROPAGANDA
766408071434436608, NON_PROPAGANDA
767160079682531328, NON_PROPAGANDA
767870761705046016, NON_PROPAGANDA
768248794051903488, DIVERSE
770642047820783617, DIVERSE
770692900657197056, NON_PROPAGANDA
772188734678831104, NON_PROPAGANDA
772327304873779200, NON_PROPAGANDA
772836572018475010, NON_PROPAGANDA
773508245742911488, DIVERSE
775016586780565504, DIVERSE
776012774728142848, DIVERSE
776096381832421376, DIVERSE
777566219432038400, DIVERSE
778881899716571136, DIVERSE
779240326640836608, DIVERSE
780331742817386496, NON_PROPAGANDA
780715582085672960, DIVERSE
784015659801931777, DIVERSE
785456605504663552, DIVERSE
785587632541609985, NON_PROPAGANDA
786197576110440448, DIVERSE
787776075153702912, NON_PROPAGANDA
789168545057824768, DIVERSE
789763347533205504, NON_PROPAGANDA
790169741977616384, NON_PROPAGANDA
790245445087981568, DIVERSE
790999436872777728, DIVERSE
791037133196787713, DIVERSE
792426421146750976, DIVERSE
795361215514103808, DIVERSE
795375184211574784, DIVERSE
795557721177227264, NON_PROPAGANDA
796104106620416001, NON_PROPAGANDA
797524712083558400, NON_PROPAGANDA
797794435685908480, NON_PROPAGANDA
799885460831145984, DIVERSE
800953247020253184, DIVERSE
801169863469334529, DIVERSE
801824521330315265, DIVERSE
803328589353676801, DIVERSE
803912062518915073, DIVERSE
804387164591128576, DIVERSE
804610631940898816, DIVERSE
805021622012887040, DIVERSE
805075465291579392, DIVERSE
807593332356579328, NON_PROPAGANDA
807860907623804928, DIVERSE
809007545574625280, DIVERSE
809072416836222976, NON_PROPAGANDA
809487800387174400, NON_PROPAGANDA
811165624634318849, DIVERSE
814833354935848960, NON_PROPAGANDA
815626754765258753, DIVERSE
815690509444349953, NON_PROPAGANDA
816706108953948160, NON_PROPAGANDA
817719298865188864, DIVERSE
821213254840160257, NON_PROPAGANDA
821827552696213504, DIVERSE
822466670388199425, DIVERSE
823605113516425217, DIVERSE
824222248311455744, DIVERSE
824909265945165824, NON_PROPAGANDA
824912061423611904, DIVERSE
825362676775784448, NON_PROPAGANDA
825636427912400896, NON_PROPAGANDA
826045198392315904, NON_PROPAGANDA
826926409868333056, DIVERSE
827158099505053696, DIVERSE
827266046629339138, DIVERSE
827643454071140354, DIVERSE
827877724031184896, DIVERSE
827997302254092289, DIVERSE
828510089342365697, NON_PROPAGANDA
828814923539038209, NON_PROPAGANDA
830641828517015552, NON_PROPAGANDA
830725698109263872, DIVERSE
830968742695809025, NON_PROPAGANDA
831506113996677120, NON_PROPAGANDA
831893904064667648, NON_PROPAGANDA
832196648965115907, DIVERSE
834903083549405184, NON_PROPAGANDA
835530364516974594, DIVERSE
836883916216754177, DIVERSE
836939919671115776, NON_PROPAGANDA
837051114692440064, NON_PROPAGANDA
837113061785944064, NON_PROPAGANDA
837684644837457920, DIVERSE
838042200814546945, DIVERSE
838088841873526785, DIVERSE
838671100867461122, DIVERSE
841262931803291649, NON_PROPAGANDA
842004888603262977, DIVERSE
842168943175454721, DIVERSE
842777027698708480, NON_PROPAGANDA
843484448595283968, NON_PROPAGANDA
843538544853471235, DIVERSE
844262117490540544, NON_PROPAGANDA
844555257007001600, DIVERSE
845028053885603842, NON_PROPAGANDA
845321922409889792, NON_PROPAGANDA
846572563018993665, DIVERSE
847396460316340228, DIVERSE
847963797054685184, DIVERSE
850417281494593537, DIVERSE
851921822383820802, NON_PROPAGANDA
852294322506649602, NON_PROPAGANDA
852781138271588352, DIVERSE
853026867321995270, DIVERSE
853671578428682240, NON_PROPAGANDA
853988746395602944, DIVERSE
854432125893959680, DIVERSE
854771347288883207, DIVERSE
855835451252498437, DIVERSE
855841262049476608, DIVERSE
856178565125111808, DIVERSE
856447379540783104, DIVERSE
856884402063802368, DIVERSE
859522521238040576, DIVERSE
859740721552781312, NON_PROPAGANDA
861362181144797184, DIVERSE
861373346029678592, DIVERSE
862369624117186560, NON_PROPAGANDA
863451042553450496, DIVERSE
863511095767687168, NON_PROPAGANDA
863815101958283265, DIVERSE
865215235187191809, DIVERSE
865303055578914817, DIVERSE
866337813448589313, DIVERSE
866374459317420033, NON_PROPAGANDA
867443399162572801, DIVERSE
867457022974885890, NON_PROPAGANDA
867536183571644418, DIVERSE
867922545407864833, DIVERSE
868121776257105921, DIVERSE
869936090249035777, NON_PROPAGANDA
870997257688100868, DIVERSE
871046787766857728, NON_PROPAGANDA
871733193120108545, DIVERSE
871837395624316928, NON_PROPAGANDA
873165299637526529, NON_PROPAGANDA
873558166067441665, DIVERSE
873762303958814720, DIVERSE
874537101253070848, NON_PROPAGANDA
874756163732201472, DIVERSE
875461809146298370, DIVERSE
876245604392882176, DIVERSE
876565379140792321, DIVERSE
876831855831658496, DIVERSE
876950740136329217, DIVERSE
876980951078899713, DIVERSE
877229398784696320, DIVERSE
878403483040395266, NON_PROPAGANDA
878585426990309377, NON_PROPAGANDA
878659707753332737, DIVERSE
879026248470712320, DIVERSE
879315416031649792, NON_PROPAGANDA
880869365180227584, DIVERSE
881544376803053569, DIVERSE
881789061798797313, PROPAGANDA
881914957654261761, DIVERSE
882006111834050561, DIVERSE
882170370794696705, NON_PROPAGANDA
882423565752160256, NON_PROPAGANDA
882696229418930176, DIVERSE
882875311624515584, NON_PROPAGANDA
882983595073306624, DIVERSE
882999432916160513, NON_PROPAGANDA
883068157237182464, NON_PROPAGANDA
884904348005879808, NON_PROPAGANDA
885270735014563840, NON_PROPAGANDA
885989434365292545, DIVERSE
886035995266887680, NON_PROPAGANDA
886733531619176448, NON_PROPAGANDA
888884326363955200, DIVERSE
889023757871964160, DIVERSE
889101659040866309, NON_PROPAGANDA
891012107780620288, DIVERSE
891609063137697792, DIVERSE
891615821725827072, DIVERSE
891722940970131457, DIVERSE
892805888054046725, NON_PROPAGANDA
893377523383508992, DIVERSE
893850821590487040, DIVERSE
895322441098174467, DIVERSE
895782680633253888, DIVERSE
895924705403731968, NON_PROPAGANDA
896640592234651649, NON_PROPAGANDA
896773324075933700, NON_PROPAGANDA
897128134310600705, DIVERSE
897742743224627201, DIVERSE
898122607257673728, DIVERSE
899312179480080384, NON_PROPAGANDA
899381952394002433, NON_PROPAGANDA
900514318265065475, DIVERSE
901018731387768833, NON_PROPAGANDA
901228934230147075, DIVERSE
901247972440199168, NON_PROPAGANDA
902323985102319616, DIVERSE
902471475101175809, DIVERSE
902881752762515456, DIVERSE
903010726813601794, DIVERSE
903241329316159488, DIVERSE
904702873673531392, DIVERSE
905037939427692545, NON_PROPAGANDA
905119529956716544, NON_PROPAGANDA
905174380728258560, NON_PROPAGANDA
905270455313080320, DIVERSE
905836138472103936, DIVERSE
906528255238393856, NON_PROPAGANDA
906533204634460161, NON_PROPAGANDA
906798958462283777, NON_PROPAGANDA
907317486198149120, DIVERSE
907329528388837376, DIVERSE
907721180538384384, DIVERSE
909723254016835584, NON_PROPAGANDA
911696735919116288, DIVERSE
911718398442209280, DIVERSE
912457691162988545, DIVERSE
913787422365888513, DIVERSE
915384226270375943, DIVERSE
916553749438529536, NON_PROPAGANDA
917288757975552002, DIVERSE
917345666418073600, NON_PROPAGANDA
917483946165915650, DIVERSE
918196378232344576, NON_PROPAGANDA
918388134769020928, DIVERSE
919073882488926208, DIVERSE
919261528246902790, NON_PROPAGANDA
919671095921381377, NON_PROPAGANDA
919867989821935617, NON_PROPAGANDA
919886810943295488, DIVERSE
920455419646087168, NON_PROPAGANDA
920687355421478912, DIVERSE
921012105352040448, NON_PROPAGANDA
921191492311486464, DIVERSE
922159605098143744, DIVERSE
922230328407752706, DIVERSE
923618385996533760, DIVERSE
924476212147343360, DIVERSE
924528944103264257, NON_PROPAGANDA
924664421317861380, NON_PROPAGANDA
924687583275311105, NON_PROPAGANDA
925118207979073536, DIVERSE
926019314804813824, NON_PROPAGANDA
926533039810805760, DIVERSE
926562070593785861, DIVERSE
926572840610091008, DIVERSE
926847793842589698, NON_PROPAGANDA
927036529922502657, DIVERSE
927064210437222400, DIVERSE
927228888241098752, DIVERSE
927505189426417664, DIVERSE
927635587582001152, NON_PROPAGANDA
927971605711638528, DIVERSE
928103143132590080, DIVERSE
928191620247441408, DIVERSE
928310052930424837, DIVERSE
928549344218898433, NON_PROPAGANDA
928992621573427200, NON_PROPAGANDA
929399566264340480, DIVERSE
929785539829563392, NON_PROPAGANDA
929811697308717062, DIVERSE
929830761565491201, DIVERSE
930161452685647875, DIVERSE
931121059818074112, DIVERSE
931169074754867201, NON_PROPAGANDA
931189794490679297, DIVERSE
931202044710588417, DIVERSE
931216082735652864, DIVERSE
932638677129363457, DIVERSE
933594228990627840, DIVERSE
933849234721341440, DIVERSE
934228610772324352, DIVERSE
934929429297618945, DIVERSE
935288929959284736, DIVERSE
936223866912935936, DIVERSE
936283970156793856, NON_PROPAGANDA
936337718736547840, DIVERSE
936602697503043584, DIVERSE
936708483004665856, NON_PROPAGANDA
936982783662215170, NON_PROPAGANDA
937047285934026752, NON_PROPAGANDA
937312408074440710, NON_PROPAGANDA
937341944535142400, NON_PROPAGANDA
937359526503776258, NON_PROPAGANDA
938825247243079680, DIVERSE
939526961549979653, NON_PROPAGANDA
939550569500479488, DIVERSE
939980283532767233, DIVERSE
940176746757984258, DIVERSE
940356163065040897, DIVERSE
940692947829510144, DIVERSE
941396980865093632, DIVERSE
941690448757784576, NON_PROPAGANDA
941748940898291712, DIVERSE
942460836995567617, NON_PROPAGANDA
943154426067542017, DIVERSE
943419169520934912, NON_PROPAGANDA
943845289839951872, DIVERSE
943952945745408000, DIVERSE
944166950829264898, DIVERSE
944195658503852032, DIVERSE
944677444115673088, DIVERSE
946011088952483842, DIVERSE
946041514886619136, DIVERSE
946473700660047873, DIVERSE
946583484382040065, DIVERSE
947155722579693569, DIVERSE
947160115202920449, NON_PROPAGANDA
947210308191490049, DIVERSE
947370612539961344, NON_PROPAGANDA
947486947563458560, DIVERSE
947510147211022337, DIVERSE
948179016363671553, DIVERSE
948447377408643072, NON_PROPAGANDA
949341325333336065, DIVERSE
949356486743986176, NON_PROPAGANDA
949420728281174016, NON_PROPAGANDA
949566209250521088, DIVERSE
949756982805835779, NON_PROPAGANDA
949763848357203971, DIVERSE
950072836030451712, DIVERSE
950104586811068416, NON_PROPAGANDA
950478924945002497, DIVERSE
951095960498769920, DIVERSE
951367763519524869, DIVERSE
951475967763066881, NON_PROPAGANDA
951868935678431232, DIVERSE
951914825885634560, NON_PROPAGANDA
951943179745529858, NON_PROPAGANDA
952374208683806720, NON_PROPAGANDA
952982213280268289, DIVERSE
953729153601294343, DIVERSE
953796389590401024, DIVERSE
954194621428649984, NON_PROPAGANDA
954292325903163392, DIVERSE
954613779697950721, DIVERSE
954882276621537282, NON_PROPAGANDA
955094883479539712, DIVERSE
955168578638155777, DIVERSE
955244977352855552, DIVERSE
955488168031281152, DIVERSE
955521618150920198, DIVERSE
955828986038407169, DIVERSE
956421768117473280, NON_PROPAGANDA
956515009231769601, DIVERSE
956530362439684101, DIVERSE
956605985203933184, NON_PROPAGANDA
956911750904975360, NON_PROPAGANDA
957164300052901888, DIVERSE
957276735543873536, DIVERSE
957538582679482369, DIVERSE
957577257484275712, DIVERSE
957594310958026754, DIVERSE
957664521035898880, DIVERSE
957920238892396544, DIVERSE
958008823284994048, NON_PROPAGANDA
958142224302329856, NON_PROPAGANDA
958202940715683840, DIVERSE
958368530843529216, DIVERSE
958415876516188161, DIVERSE
958638040494346240, NON_PROPAGANDA
958724840277540864, DIVERSE
959355311965593601, NON_PROPAGANDA
959376481142149121, DIVERSE
959406431933001728, NON_PROPAGANDA
959469756171595776, NON_PROPAGANDA
959517609468354560, DIVERSE
959560718382231552, DIVERSE
959700891648647168, DIVERSE
959803650062286848, NON_PROPAGANDA
960519143702368256, NON_PROPAGANDA
960610035016617987, DIVERSE
960943194761498624, DIVERSE
961149133057863681, NON_PROPAGANDA
961227143958147072, DIVERSE
962708176054472704, DIVERSE
962710365393080320, DIVERSE
962784273609691136, NON_PROPAGANDA
963325885821702144, DIVERSE
963498029255938048, NON_PROPAGANDA
963509798745538560, NON_PROPAGANDA
963860418803519488, DIVERSE
964065052025290753, DIVERSE
964232011228614656, NON_PROPAGANDA
964564521649131520, DIVERSE
964573755723927553, NON_PROPAGANDA
964846688547622912, DIVERSE
964980730324545537, DIVERSE
965000347914854400, DIVERSE
965181763814346752, DIVERSE
965355950461898752, DIVERSE
965638727866470401, NON_PROPAGANDA
966291861160816640, NON_PROPAGANDA
966362321927983106, DIVERSE
966988318775922689, DIVERSE
967047168560435205, DIVERSE
967168992631762944, NON_PROPAGANDA
967314838799167489, DIVERSE
967740300293820417, NON_PROPAGANDA
967763020112855040, NON_PROPAGANDA
968143264674205696, DIVERSE
968185730110492672, NON_PROPAGANDA
968339044840157185, NON_PROPAGANDA
968613494152220672, NON_PROPAGANDA
968719483471892481, DIVERSE
969199442007150592, DIVERSE
969294830991020039, DIVERSE
969413490174758912, NON_PROPAGANDA
969589438744551424, NON_PROPAGANDA
969649988715282432, NON_PROPAGANDA
969699253349244944, NON_PROPAGANDA
969701438866841600, DIVERSE
969855764268572672, NON_PROPAGANDA
969940374172119041, DIVERSE
970037206193786880, NON_PROPAGANDA
970212172272939008, NON_PROPAGANDA
970372123570171905, DIVERSE
970400148751822848, NON_PROPAGANDA
970907570448760832, DIVERSE
970985065164533760, NON_PROPAGANDA
971035351144894464, NON_PROPAGANDA
971191390670671873, NON_PROPAGANDA
971291298639613953, DIVERSE
971469536724770817, DIVERSE
972036718487572480, DIVERSE
972076498940252160, DIVERSE
972145073407315970, NON_PROPAGANDA
972212863728267264, NON_PROPAGANDA
972510449806823428, DIVERSE
972523298700627969, DIVERSE
972878420609773569, DIVERSE
972887127288623104, NON_PROPAGANDA
973120025027661824, NON_PROPAGANDA
973191894556606465, DIVERSE
973267735374450688, DIVERSE
973269184024104960, NON_PROPAGANDA
973274985593757697, NON_PROPAGANDA
973624484145057793, DIVERSE
973640686066192386, NON_PROPAGANDA
973644650237124610, DIVERSE
973665054372478976, NON_PROPAGANDA
973895605801160704, DIVERSE
974227406390210562, DIVERSE
974357984838025216, DIVERSE
974386042718564352, DIVERSE
974551904045883392, DIVERSE
974757106762113025, NON_PROPAGANDA
974842151493390338, DIVERSE
974952462405783552, DIVERSE
975020035281444864, DIVERSE
975105135411122178, DIVERSE
975114821866803200, NON_PROPAGANDA
975121829684744192, NON_PROPAGANDA
975159819828125698, DIVERSE
975296737098326017, DIVERSE
975384148608212992, DIVERSE
975412950654705664, NON_PROPAGANDA
975710529762324480, NON_PROPAGANDA
975721917729705987, DIVERSE
975779554123026438, DIVERSE
975863261957709826, NON_PROPAGANDA
975870933796782080, DIVERSE
976002179310997505, NON_PROPAGANDA
976106931843715078, NON_PROPAGANDA
976300774916575233, DIVERSE
977121560434790402, DIVERSE
977213135026360320, NON_PROPAGANDA
977299177721024518, DIVERSE
977325408382279681, NON_PROPAGANDA
977350862178803713, NON_PROPAGANDA
977508482361495552, DIVERSE
977568644250193920, NON_PROPAGANDA
977649917924651009, NON_PROPAGANDA
977892207188377600, NON_PROPAGANDA
978022189139156992, NON_PROPAGANDA
978033070652755969, NON_PROPAGANDA
978046098865614849, DIVERSE
978153064082309121, DIVERSE
978216457845792768, DIVERSE
978223469321220096, DIVERSE
978249607389110273, DIVERSE
978340608577277954, DIVERSE
978402835476992000, DIVERSE
978434573414621185, NON_PROPAGANDA
978683897696399361, NON_PROPAGANDA
978735594464477184, DIVERSE
