id, node_color
2201181, FOR
2274201, FOR
5536782, DIVERSE
7970992, DIVERSE
8095632, FOR
9930302, FOR
14407142, FOR
14487000, FOR
14513512, DIVERSE
14803493, FOR
15111744, FOR
16248292, FOR
16624525, FOR
18252164, FOR
18844673, DIVERSE
21854062, FOR
22696589, FOR
22855901, FOR
33642558, FOR
34350579, FOR
35688611, FOR
36636494, DIVERSE
40498330, FOR
42105589, FOR
42196320, FOR
44860908, FOR
47140440, FOR
48280879, FOR
49054004, FOR
51096905, FOR
51181826, FOR
52032722, DIVERSE
52067288, FOR
52357763, DIVERSE
52695697, FOR
53059376, DIVERSE
55387911, FOR
56643210, FOR
57967388, FOR
58017260, FOR
60688014, FOR
61726222, DIVERSE
65614363, FOR
71516564, DIVERSE
73813160, DIVERSE
75642402, DIVERSE
75997536, FOR
77165468, FOR
77685623, FOR
77698661, FOR
80573898, FOR
80886145, AGAINST
82477460, FOR
86266936, FOR
89221733, DIVERSE
91777826, FOR
93491791, DIVERSE
94607562, DIVERSE
97232128, FOR
97508178, FOR
98171528, FOR
100201393, FOR
103591569, DIVERSE
103973147, FOR
104553834, FOR
105556464, DIVERSE
106071386, FOR
107686519, FOR
109035884, DIVERSE
111304633, FOR
116563859, FOR
118970094, DIVERSE
119907791, FOR
121237558, DIVERSE
122597939, FOR
125273218, FOR
129790596, FOR
130850511, DIVERSE
132727343, DIVERSE
133266187, DIVERSE
133917845, FOR
136371519, FOR
136982031, FOR
137140334, DIVERSE
138579657, DIVERSE
139646874, FOR
142079464, FOR
146159534, FOR
148306893, FOR
151208879, FOR
157102137, FOR
158534282, FOR
160590039, FOR
161113335, FOR
161858629, DIVERSE
162385414, FOR
163041731, FOR
164709694, FOR
165133475, FOR
165908624, FOR
166566887, FOR
167231567, FOR
167990892, FOR
168755227, FOR
171244078, FOR
173308078, FOR
174594415, FOR
177154260, FOR
178268100, FOR
179131660, FOR
179897514, FOR
181274223, DIVERSE
182473366, FOR
188340836, FOR
189890093, FOR
191803770, FOR
195793173, FOR
198597387, DIVERSE
202923888, DIVERSE
203141184, FOR
204298620, DIVERSE
210830814, FOR
211230263, FOR
211327080, FOR
216072176, FOR
216289357, FOR
217263597, FOR
217903646, FOR
218447421, FOR
218686571, FOR
219502737, FOR
220892003, FOR
221022658, DIVERSE
221632853, FOR
223542220, FOR
224597174, DIVERSE
226571407, FOR
228504747, FOR
229980720, DIVERSE
230702066, FOR
230971152, FOR
234001751, FOR
237020752, FOR
237826721, DIVERSE
238897491, FOR
239600665, DIVERSE
239703819, FOR
240383600, FOR
242673662, DIVERSE
243119327, DIVERSE
243253280, DIVERSE
243413591, FOR
243419888, DIVERSE
243589241, FOR
243687497, FOR
243715559, FOR
243767514, FOR
243775933, FOR
244117351, FOR
245880979, DIVERSE
246007472, FOR
246151121, FOR
246188109, DIVERSE
246317561, FOR
246401119, FOR
246470691, FOR
246559862, FOR
246702519, FOR
246747627, FOR
246754124, FOR
246784076, FOR
246974197, FOR
247227134, FOR
247252383, DIVERSE
247264510, FOR
247468980, FOR
247786110, FOR
247842392, FOR
247912552, FOR
248100375, FOR
248188034, AGAINST
248296799, FOR
248380989, FOR
248788313, FOR
249073389, FOR
249086420, FOR
249144163, DIVERSE
249654545, FOR
249920087, FOR
250234024, FOR
250277785, FOR
250295048, FOR
250583785, FOR
250615892, FOR
250804389, FOR
251100437, FOR
251802413, FOR
252254904, FOR
252470942, FOR
252957203, FOR
253238222, FOR
253670459, FOR
254223005, AGAINST
254665376, FOR
254681551, FOR
255247533, FOR
255587866, FOR
255747184, FOR
255935216, DIVERSE
256028009, FOR
256502193, FOR
257109468, FOR
257257669, FOR
257449330, DIVERSE
257474300, FOR
257651159, FOR
257841422, FOR
258090997, FOR
258341683, FOR
258366073, DIVERSE
258712643, FOR
258941240, FOR
259044967, FOR
259512427, FOR
259617134, FOR
259811618, FOR
260096049, DIVERSE
260454625, FOR
260723375, FOR
260801128, FOR
261195951, FOR
261730716, FOR
262222255, DIVERSE
262819428, FOR
263099022, FOR
263431314, FOR
263543391, FOR
263728080, FOR
263891746, FOR
264497768, DIVERSE
266127584, FOR
267086129, FOR
267714517, DIVERSE
268545568, FOR
269267683, FOR
269512392, FOR
270807858, FOR
270847696, FOR
271063299, FOR
271127943, FOR
272066797, FOR
274530882, DIVERSE
274895833, DIVERSE
275423516, FOR
275694766, FOR
275942684, DIVERSE
276107545, FOR
277173857, FOR
277558388, FOR
279992686, FOR
280393461, FOR
280434016, FOR
280438883, FOR
280541144, DIVERSE
280664663, FOR
280996498, DIVERSE
281097403, FOR
281160360, FOR
281269490, FOR
281963698, FOR
282065689, FOR
282220110, FOR
283675957, FOR
284655413, FOR
284752825, FOR
285620504, FOR
286577558, FOR
287118704, FOR
289818218, FOR
290072000, AGAINST
290178890, DIVERSE
290632880, FOR
290722577, DIVERSE
291394918, FOR
291708847, FOR
291908441, FOR
291935746, FOR
293157670, FOR
293534138, FOR
293779755, AGAINST
294268960, FOR
294513254, FOR
295113790, FOR
296264702, FOR
297419374, DIVERSE
298445092, FOR
298574946, FOR
298664575, FOR
301120393, FOR
301883514, FOR
303904518, FOR
304997177, FOR
305587868, DIVERSE
305604415, FOR
306260807, FOR
306967618, FOR
308111146, FOR
308416877, DIVERSE
310553563, FOR
318266377, FOR
319665785, FOR
319901569, DIVERSE
320954038, FOR
321000177, FOR
321289331, FOR
323870386, FOR
324495928, FOR
325675081, FOR
326032237, FOR
326074480, FOR
326117650, FOR
326987255, FOR
327722701, FOR
328206473, FOR
329366011, FOR
329681052, FOR
331107509, FOR
331206364, FOR
332589385, FOR
334057976, FOR
334670309, FOR
336851152, DIVERSE
339409458, FOR
340968723, FOR
343649021, FOR
345288012, FOR
346145376, FOR
350342530, FOR
351220076, FOR
351328127, DIVERSE
351492201, FOR
352276488, FOR
352400028, DIVERSE
353011926, FOR
354779022, FOR
356329385, FOR
357072061, FOR
357239860, FOR
358040356, FOR
358428007, FOR
359605953, FOR
360771414, FOR
362288996, FOR
363246406, FOR
363575015, FOR
363845524, DIVERSE
368142886, FOR
369608964, DIVERSE
370093073, DIVERSE
370539567, FOR
370556715, DIVERSE
371296751, FOR
373013500, FOR
373866126, FOR
374963228, FOR
375468504, FOR
375890746, FOR
377062312, DIVERSE
377220633, FOR
378231256, DIVERSE
380199423, FOR
380547397, FOR
381139190, FOR
382207674, FOR
382829962, FOR
384230724, FOR
384429991, FOR
385315022, FOR
385350273, FOR
385535951, FOR
386451877, FOR
390731294, FOR
390929996, DIVERSE
392738791, FOR
394830809, FOR
394864353, FOR
396257932, FOR
396409525, FOR
396471243, FOR
396819403, FOR
397528198, FOR
398171803, FOR
398650978, FOR
398702874, FOR
399963628, FOR
401936977, FOR
402111181, FOR
402577911, FOR
402773034, FOR
404218794, FOR
407904632, FOR
408901457, FOR
410523759, FOR
410955818, DIVERSE
411346195, FOR
411514625, FOR
413260037, FOR
413841846, FOR
414187574, DIVERSE
414702486, FOR
415068032, FOR
415414097, DIVERSE
415945099, FOR
416440594, FOR
416508799, FOR
416907987, FOR
417016643, FOR
418129824, FOR
418443466, FOR
418661016, FOR
418731185, FOR
419233834, FOR
419765116, FOR
421110584, DIVERSE
421721826, DIVERSE
421890530, FOR
424194891, FOR
425687930, FOR
425912197, FOR
426343125, FOR
427713095, FOR
429054222, FOR
429220230, FOR
429746606, FOR
429749064, FOR
431337155, FOR
432424572, FOR
432618159, DIVERSE
432844043, DIVERSE
432897186, FOR
433652865, FOR
434211968, FOR
436462735, FOR
438582009, DIVERSE
439923979, FOR
441092915, FOR
441893248, FOR
442823413, FOR
442854414, FOR
443215977, FOR
443621240, FOR
444875725, FOR
445152825, FOR
445293273, FOR
446318129, FOR
448374467, FOR
450704412, FOR
451334972, FOR
452368170, FOR
453103180, FOR
453428269, FOR
455143024, FOR
455922779, FOR
455986864, DIVERSE
456952968, FOR
457628357, DIVERSE
458334386, FOR
458777194, FOR
460729951, FOR
463854509, FOR
464677630, FOR
464820783, FOR
464834664, DIVERSE
465003239, FOR
465021404, FOR
466365822, FOR
466446202, FOR
466891880, FOR
469452662, FOR
469544027, FOR
475243789, DIVERSE
475258943, FOR
476155432, FOR
476356296, FOR
476578025, FOR
480730115, FOR
482201683, FOR
484041950, FOR
487801792, FOR
488502963, FOR
490086192, FOR
490278322, FOR
490866101, DIVERSE
491283324, FOR
493918460, FOR
497289899, FOR
497318529, FOR
500669870, FOR
501961323, FOR
502727058, FOR
504871395, FOR
508780354, FOR
508968685, FOR
512983828, FOR
516906022, FOR
518174591, FOR
518476056, FOR
518633657, FOR
520407281, FOR
522443758, FOR
524283877, FOR
526343521, FOR
527414250, FOR
531611055, DIVERSE
532062445, FOR
533642320, DIVERSE
536255416, FOR
542066844, FOR
542546670, FOR
543094851, FOR
544819364, FOR
546253369, FOR
546360880, FOR
548331624, FOR
549730386, FOR
549912548, FOR
551570668, FOR
551775993, FOR
552036793, FOR
552747318, FOR
552909996, FOR
553785251, FOR
561526649, FOR
563885375, FOR
567229050, FOR
567564394, FOR
572495887, FOR
573759957, FOR
575277349, DIVERSE
580784580, FOR
581201435, FOR
582824520, FOR
582847221, FOR
582983147, DIVERSE
584008851, FOR
584173449, FOR
585921481, FOR
586845018, FOR
587672411, FOR
589312618, FOR
589945080, FOR
592031222, FOR
592314798, FOR
592430311, FOR
592697482, FOR
594373879, FOR
595946021, FOR
596462582, FOR
597101298, FOR
599267971, FOR
600360975, FOR
601191079, DIVERSE
603664587, FOR
608149239, FOR
612992455, FOR
615314107, FOR
616278725, DIVERSE
618397880, FOR
620475726, FOR
621857308, FOR
622054128, FOR
623245482, FOR
623713856, FOR
624557599, DIVERSE
624686972, FOR
625407310, AGAINST
625582633, FOR
626375784, FOR
630606857, FOR
631477430, FOR
633316824, FOR
634658827, FOR
635576995, FOR
700268907, AGAINST
701054891, FOR
709327033, FOR
712078254, DIVERSE
714472614, FOR
714586656, FOR
715219325, DIVERSE
721858813, FOR
722409378, FOR
728704327, FOR
731326188, FOR
731979691, FOR
737493661, FOR
744096607, FOR
750186930, FOR
754335954, FOR
774667758, FOR
774724850, FOR
780305640, FOR
782065844, FOR
783313538, FOR
787211599, DIVERSE
793643882, FOR
797862444, FOR
798174793, FOR
801866851, FOR
805032212, FOR
810987649, FOR
811083272, FOR
814873350, FOR
824840480, FOR
829245931, FOR
832893523, FOR
836508619, FOR
844063729, FOR
849261552, FOR
856930862, FOR
857666161, FOR
857868018, FOR
859195092, FOR
868275978, FOR
880876537, FOR
885493015, FOR
886724197, FOR
891085214, FOR
891448122, FOR
895573358, FOR
897501056, DIVERSE
899583475, FOR
900397296, FOR
910035918, FOR
916943462, AGAINST
919558969, DIVERSE
927351564, DIVERSE
930331530, FOR
930529058, FOR
933119761, FOR
933132060, FOR
937966807, FOR
938384833, FOR
941413286, DIVERSE
945807127, FOR
956175625, FOR
961361910, FOR
962333706, FOR
965981040, FOR
966216336, FOR
966780174, FOR
968573936, FOR
970827391, FOR
974334108, FOR
974476958, FOR
974599621, FOR
974709871, FOR
975400962, FOR
978504584, FOR
978763766, FOR
987291642, FOR
990740844, FOR
992111130, DIVERSE
993276918, FOR
995569525, FOR
995787391, FOR
996016508, FOR
996619939, FOR
996705444, DIVERSE
997139719, FOR
997902067, FOR
999015997, DIVERSE
999319958, FOR
1002174710, FOR
1002650592, DIVERSE
1002844374, DIVERSE
1002901490, FOR
1006023000, FOR
1011066157, FOR
1011455700, FOR
1012325527, FOR
1018255609, FOR
1020142826, FOR
1032166495, FOR
1032772153, FOR
1033647480, FOR
1034334733, FOR
1035774085, FOR
1040606600, FOR
1041371010, FOR
1042693506, FOR
1050858158, FOR
1052277074, FOR
1061600605, FOR
1066043922, FOR
1068317078, FOR
1079047122, FOR
1086973130, FOR
1090596031, FOR
1092542761, FOR
1095915684, FOR
1103047946, FOR
1104281780, FOR
1105871287, FOR
1106086345, FOR
1112010584, FOR
1116691280, FOR
1118879774, FOR
1119263600, DIVERSE
1123617872, FOR
1128993427, FOR
1133951125, FOR
1134792108, FOR
1136829066, FOR
1137203731, DIVERSE
1140128216, FOR
1140667105, FOR
1140789020, FOR
1143380820, FOR
1149393944, FOR
1157901540, FOR
1158217405, FOR
1173187458, FOR
1183658534, DIVERSE
1184449032, FOR
1191248822, DIVERSE
1191602641, FOR
1194109814, DIVERSE
1197964688, FOR
1201217755, FOR
1203080628, FOR
1203570097, FOR
1212626137, FOR
1215196014, FOR
1223111760, FOR
1227011635, FOR
1250295290, FOR
1257203264, FOR
1259129132, DIVERSE
1263104942, FOR
1264712738, FOR
1268283554, FOR
1269489475, FOR
1276162490, DIVERSE
1277441556, FOR
1277585012, FOR
1278543582, FOR
1280752188, FOR
1281394392, FOR
1296719946, FOR
1303720952, FOR
1311797288, FOR
1314227408, FOR
1314408758, FOR
1318153052, DIVERSE
1319102905, FOR
1321331874, FOR
1323467154, FOR
1324866643, FOR
1331108335, FOR
1331301061, FOR
1337487372, FOR
1339344901, DIVERSE
1340258599, FOR
1340284172, FOR
1343177136, FOR
1344707473, FOR
1346395603, FOR
1348074644, FOR
1372859832, FOR
1382376949, FOR
1383397482, FOR
1385863352, FOR
1388341172, FOR
1391605016, FOR
1402376521, FOR
1406211186, FOR
1418694061, FOR
1419142478, FOR
1419314353, FOR
1420762447, FOR
1425526302, FOR
1428355872, DIVERSE
1435417081, FOR
1438404972, FOR
1460798930, FOR
1467953096, FOR
1481808284, FOR
1485959052, FOR
1492367546, FOR
1494110238, FOR
1506170269, DIVERSE
1514809514, DIVERSE
1519289173, FOR
1520181313, FOR
1529698447, FOR
1534584852, FOR
1539719550, FOR
1548221952, DIVERSE
1553726474, FOR
1558789628, FOR
1560653971, FOR
1561754378, DIVERSE
1565018018, FOR
1565652266, FOR
1566671071, DIVERSE
1568597401, FOR
1570421118, FOR
1571237318, FOR
1573631304, FOR
1576116846, FOR
1579834320, FOR
1586854567, FOR
1591529323, FOR
1593211040, FOR
1593480284, FOR
1596716028, FOR
1610094054, FOR
1611310730, FOR
1617648258, DIVERSE
1628921239, FOR
1631772103, FOR
1635306542, FOR
1641459038, DIVERSE
1654242836, FOR
1657004690, FOR
1657421766, FOR
1664756965, FOR
1665475375, FOR
1672277354, FOR
1673072192, FOR
1674151711, FOR
1674182551, FOR
1680934333, FOR
1682896310, FOR
1684309638, FOR
1686935504, FOR
1696825494, FOR
1697458044, FOR
1701616772, FOR
1704039354, DIVERSE
1707859914, DIVERSE
1726649989, FOR
1728380701, FOR
1729699520, FOR
1843123872, FOR
1856606750, FOR
1868108316, FOR
1871994199, DIVERSE
1887896845, FOR
1894335781, FOR
1896335052, DIVERSE
1900215307, DIVERSE
1904138971, DIVERSE
1909374792, FOR
1913920926, DIVERSE
1915568922, FOR
1917661567, FOR
1927514377, DIVERSE
1938878996, FOR
1958127235, FOR
1968672823, FOR
2149025308, FOR
2154420058, FOR
2155529002, FOR
2156589938, FOR
2160833119, FOR
2165403949, DIVERSE
2165607934, FOR
2171096963, FOR
2172473723, FOR
2172490942, FOR
2172860635, FOR
2176137460, FOR
2181760339, FOR
2183429520, FOR
2185059396, FOR
2191892464, FOR
2192614378, FOR
2204591990, FOR
2205530964, FOR
2210277582, FOR
2214185372, FOR
2219659092, DIVERSE
2222192868, FOR
2223258386, FOR
2223737807, FOR
2224962036, FOR
2229783187, FOR
2230009800, FOR
2243524257, FOR
2243855627, DIVERSE
2249591503, DIVERSE
2254334481, FOR
2258288874, DIVERSE
2260383145, FOR
2263209383, FOR
2263344401, FOR
2263897311, FOR
2270622367, FOR
2277166103, DIVERSE
2279394056, FOR
2282524958, FOR
2291448871, AGAINST
2292758505, FOR
2293229845, FOR
2293590755, FOR
2297149007, FOR
2297692483, FOR
2304534336, FOR
2306619133, FOR
2307264856, FOR
2316138426, DIVERSE
2319225526, FOR
2319472112, FOR
2323150172, FOR
2325738835, FOR
2335914176, FOR
2339155705, FOR
2340138522, DIVERSE
2341078132, FOR
2347795973, FOR
2352970223, FOR
2355396143, FOR
2355837976, FOR
2361399080, FOR
2366876831, FOR
2371981753, FOR
2374218816, FOR
2394147874, FOR
2399339752, FOR
2399636055, FOR
2407078978, FOR
2410896149, FOR
2412528170, FOR
2414842548, FOR
2416026348, FOR
2417148120, FOR
2421459234, FOR
2430735934, FOR
2433403609, FOR
2433468680, FOR
2434118359, FOR
2434472298, FOR
2437047056, FOR
2437430565, FOR
2437571720, FOR
2437605457, FOR
2438825752, FOR
2439895124, FOR
2440383767, FOR
2441484007, FOR
2446206910, FOR
2446738307, FOR
2447879638, FOR
2449380489, DIVERSE
2450520259, FOR
2451056691, FOR
2452783827, FOR
2453890849, FOR
2455441506, FOR
2458211434, DIVERSE
2462871707, FOR
2465152075, FOR
2466307496, FOR
2469341061, FOR
2470783842, DIVERSE
2474168684, DIVERSE
2474654286, FOR
2474964218, FOR
2475077852, FOR
2476049168, FOR
2479478798, FOR
2484408874, FOR
2484697919, DIVERSE
2485620444, FOR
2490274032, FOR
2493114751, FOR
2495442299, FOR
2500809882, DIVERSE
2502138404, DIVERSE
2503914708, FOR
2504173933, FOR
2504668991, DIVERSE
2506738925, FOR
2516672642, FOR
2519958769, FOR
2520773750, FOR
2530216176, FOR
2536004080, FOR
2543742594, DIVERSE
2544099769, FOR
2548301274, FOR
2553938190, DIVERSE
2573969974, FOR
2578945608, FOR
2579601745, FOR
2580174954, DIVERSE
2582582359, DIVERSE
2586356880, FOR
2587029252, FOR
2592887184, FOR
2594563700, DIVERSE
2598427876, FOR
2605741696, FOR
2638628014, FOR
2664101982, FOR
2684813765, FOR
2695368146, FOR
2699106120, AGAINST
2711641532, FOR
2717929405, FOR
2718050437, FOR
2719968489, DIVERSE
2724628275, FOR
2727642345, FOR
2737960684, FOR
2739176331, FOR
2742009028, FOR
2757004405, FOR
2760399726, FOR
2764298463, FOR
2767169867, FOR
2767955801, FOR
2767984869, FOR
2779351548, FOR
2788777524, FOR
2792054681, FOR
2792349332, AGAINST
2792971701, FOR
2793115700, DIVERSE
2802464228, FOR
2803285596, FOR
2804725461, FOR
2808688046, FOR
2811948510, FOR
2816925741, FOR
2820698229, FOR
2830151974, FOR
2837285770, FOR
2838205331, FOR
2843113073, FOR
2843702977, FOR
2846687483, FOR
2847050771, FOR
2850201220, FOR
2851523843, FOR
2859233189, DIVERSE
2861144914, FOR
2865854586, FOR
2869599169, FOR
2871337760, FOR
2879877703, DIVERSE
2881812869, FOR
2882723208, FOR
2885966647, FOR
2891580468, FOR
2906014770, FOR
2906797270, FOR
2907558513, DIVERSE
2909107988, FOR
2910159072, DIVERSE
2912596930, DIVERSE
2920090551, FOR
2926325320, DIVERSE
2930477478, FOR
2933286563, FOR
2937110937, FOR
2940923811, FOR
2945521286, FOR
2946131592, FOR
2946640166, FOR
2948787802, DIVERSE
2951658069, FOR
2952265706, FOR
2954089838, FOR
2955134697, FOR
2955998474, FOR
2957674343, DIVERSE
2960880208, FOR
2965603430, FOR
2969495943, FOR
2970144881, FOR
2970510164, FOR
2971173940, FOR
2974756278, FOR
2975134840, FOR
2978308857, FOR
2978330167, FOR
2980418337, FOR
2982169550, FOR
2982302953, FOR
2983173476, FOR
2984416418, FOR
2991599403, FOR
2996903871, FOR
2998699488, FOR
3001146040, FOR
3001841688, FOR
3003603519, FOR
3005789992, FOR
3016889474, FOR
3017535223, FOR
3018337576, DIVERSE
3020646095, FOR
3021106225, FOR
3022993446, FOR
3035120220, FOR
3036240899, DIVERSE
3038508141, FOR
3040996306, FOR
3044767084, FOR
3053874632, FOR
3054113493, FOR
3055703094, FOR
3059821312, FOR
3065839685, FOR
3066923814, FOR
3067279450, FOR
3075912917, FOR
3079002699, FOR
3080791936, FOR
3082136626, FOR
3092907670, FOR
3094523876, FOR
3098099488, FOR
3100283920, FOR
3107308156, FOR
3107506948, DIVERSE
3115737168, FOR
3119808109, FOR
3123252045, FOR
3128007260, DIVERSE
3128735661, FOR
3141750279, DIVERSE
3142342714, FOR
3142496604, FOR
3143064810, FOR
3154036550, DIVERSE
3157915941, FOR
3160865981, FOR
3161817220, FOR
3164455697, FOR
3167020403, FOR
3177509134, FOR
3179778414, FOR
3184239994, FOR
3187929962, FOR
3194767183, FOR
3198368246, FOR
3201559666, FOR
3216759105, DIVERSE
3222608305, FOR
3225123970, FOR
3229591680, FOR
3231024969, FOR
3233928748, FOR
3237687960, FOR
3239148891, FOR
3243785709, FOR
3249747062, DIVERSE
3250425110, FOR
3255760140, FOR
3256651263, FOR
3260072099, FOR
3260615157, DIVERSE
3260993379, FOR
3269041302, FOR
3281850732, FOR
3289790009, FOR
3293354986, FOR
3293436133, FOR
3293758226, FOR
3293827769, FOR
3295932755, DIVERSE
3297116834, FOR
3298409216, FOR
3303029519, FOR
3306792800, FOR
3317569037, FOR
3318544431, FOR
3323870657, FOR
3327383174, FOR
3343233514, FOR
3351685043, FOR
3353013441, FOR
3360096724, FOR
3362625879, FOR
3393708244, FOR
3393921359, FOR
3395915127, FOR
3397618431, FOR
3399188782, FOR
3404633213, FOR
3406395203, DIVERSE
3407461359, FOR
3413314515, FOR
3413423644, FOR
3416393367, FOR
3422797221, FOR
3434708717, FOR
3435893926, FOR
3440420172, DIVERSE
3460304842, FOR
3568145595, FOR
3622813818, FOR
3638277432, FOR
3639201264, FOR
3642045557, FOR
3709280421, FOR
3792379403, FOR
3795619754, FOR
3802891169, FOR
3808926861, FOR
3816773441, DIVERSE
3855818667, FOR
3874530562, FOR
3875307647, FOR
3875336601, FOR
3883231714, FOR
3894331965, FOR
3917405725, FOR
3919576756, FOR
3927839296, DIVERSE
3952683857, FOR
3959228474, FOR
3998421520, FOR
4002145672, FOR
4015698976, AGAINST
4018903402, FOR
4035726395, FOR
4047133943, FOR
4060314911, FOR
4062300005, FOR
4078294313, FOR
4100006673, FOR
4114456342, FOR
4119118756, FOR
4121207475, FOR
4151801175, FOR
4152947729, FOR
4165654671, FOR
4165725706, FOR
4195542203, FOR
4219422118, FOR
4229806403, FOR
4236755045, FOR
4243671285, FOR
4269515135, FOR
4289414752, FOR
4300986975, FOR
4363817897, FOR
4381153354, FOR
4385848283, FOR
4386955048, FOR
4396604387, FOR
4472010075, FOR
4472172496, FOR
4472228375, FOR
4482904751, FOR
4484060957, FOR
4484088508, FOR
4490770120, FOR
4544562563, FOR
4544956708, FOR
4544993295, FOR
4571186554, FOR
4579773377, FOR
4579870468, FOR
4581548001, FOR
4583835327, FOR
4589446533, FOR
4594810818, FOR
4611756263, FOR
4621926136, DIVERSE
4627034907, FOR
4690835402, FOR
4693156716, FOR
4697148798, FOR
4705986828, FOR
4749072917, FOR
4749322637, FOR
4756425089, DIVERSE
4759038255, DIVERSE
4773370157, FOR
4777221934, FOR
4784003954, FOR
4784978140, FOR
4805804954, FOR
4815714449, FOR
4819526043, FOR
4820517759, FOR
4825026369, FOR
4827003599, FOR
4830045927, FOR
4835594842, FOR
4849555348, FOR
4857212812, FOR
4857409060, FOR
4862116133, FOR
4892791024, FOR
4893265079, DIVERSE
4894694525, FOR
4900534288, FOR
700863922228879360, DIVERSE
701033955420672000, FOR
701458783789314048, FOR
703288311155134465, FOR
703597644820713472, FOR
703603151274971136, FOR
703705738703736833, FOR
704709279631208448, DIVERSE
705471203163688961, FOR
705665546851905537, FOR
705806473897635840, FOR
705828452830732288, FOR
706148199594119170, FOR
706217324563578881, FOR
706553768339488772, FOR
706765006000558080, FOR
707253915759349760, FOR
708460287146512385, DIVERSE
709502333995057152, FOR
710064047333494784, FOR
710119101662887936, FOR
710552582968705025, FOR
711553023013740544, FOR
712015139101286400, FOR
712612878717743104, FOR
713033641044082688, FOR
713103256742936576, FOR
713821654435160064, FOR
714769841673134082, FOR
717269827149307905, FOR
717292830000070657, FOR
718045156671373313, FOR
718572959980482561, FOR
719131608515747841, FOR
719277033503780865, FOR
719616442233188355, FOR
719721270070353921, DIVERSE
719900617179860993, FOR
720586132296175617, FOR
720635075562483712, DIVERSE
720717665170558976, FOR
722433365517955072, DIVERSE
723043470819090432, FOR
723059850767392768, FOR
723370419072323584, FOR
723566115335639040, FOR
724504063619006464, FOR
724530619087245312, FOR
724623535109472256, FOR
724700769367240704, FOR
724744374731608064, FOR
726196189524295680, FOR
726375074488537089, DIVERSE
726398773392498689, FOR
726911179063451648, DIVERSE
727065370998280192, DIVERSE
727087414389428224, FOR
727904477353783296, FOR
729034544242933760, FOR
730885261840777216, DIVERSE
731448075105996800, FOR
731596792274534404, FOR
731867743008489472, FOR
731874124876894208, FOR
732227088602791938, FOR
732250353006186496, FOR
733009668797308932, FOR
733615274906288128, FOR
733765263041175553, FOR
734310557000577024, FOR
735560020310544389, FOR
736509061441703936, FOR
739618227098095616, FOR
739660228971659264, DIVERSE
739843459893317632, FOR
739902273116069888, FOR
740083824240013312, FOR
740694544522608641, FOR
740808876203900929, FOR
740897572676640769, FOR
741153195263692801, DIVERSE
742078695481970688, FOR
742307620606889984, FOR
742421574343622656, FOR
742799027587174400, DIVERSE
744546109394124800, FOR
744949074764382208, FOR
745218282584678400, FOR
748084496965181440, FOR
748677935297593344, FOR
748887380753604608, FOR
751395325886201857, FOR
751852757989097472, FOR
752950667183058944, FOR
753001917408739328, FOR
753340380070940672, FOR
754684429071708160, FOR
756527278469898241, FOR
756840109035651072, DIVERSE
757105925228490752, FOR
757179522127200256, FOR
757726799157747712, FOR
757851910653157376, DIVERSE
758866278928879616, FOR
759014209501798404, FOR
759107528454201344, DIVERSE
759144742634545153, FOR
759149374937112576, FOR
760107393749508097, FOR
760435596724670464, FOR
760805201951481856, DIVERSE
762073903934169088, FOR
763033357462736896, FOR
764016376793014273, FOR
764020895950053376, FOR
764055242728235008, FOR
764938783598977024, DIVERSE
765190257004478464, FOR
765314687328251909, FOR
765503945410240513, FOR
765789381793841152, FOR
766014970316423168, FOR
766296039036948480, FOR
766966131269787648, FOR
767390410004172802, FOR
768826649764823040, FOR
768896848299823105, FOR
769575600759644160, FOR
771784838781206528, FOR
773054843950927872, DIVERSE
775561928500449280, FOR
775570112858484736, FOR
776196749534846977, FOR
776752546765533184, FOR
777830975241846784, FOR
777936406555525121, FOR
778378297541533696, FOR
778584170595545089, FOR
778689219258568709, FOR
778689577267539968, FOR
779008348708597760, FOR
779065892311277568, FOR
779560091905384449, FOR
780308793670438912, FOR
781552724663996416, FOR
781636305071529989, FOR
782930080590864384, FOR
783099007971262464, FOR
783670019624501248, FOR
783779842630254596, FOR
783959178511577088, FOR
784016425463713793, FOR
784113248668876800, FOR
784473829183807488, FOR
785177052697747456, FOR
785310094934302720, FOR
785509580180774913, FOR
785666076969402368, FOR
785922013261099008, FOR
786304786928984064, FOR
787030926010249216, FOR
787633546999496705, FOR
787728263649034240, FOR
787806186800381953, FOR
788282937808719872, FOR
789408337137840128, FOR
789841817114206208, FOR
789899474202165248, FOR
790829223539793920, DIVERSE
790913718410420226, FOR
790999436872777728, DIVERSE
792270795963789312, FOR
792308597430554625, FOR
792426421146750976, DIVERSE
792506578314358784, FOR
792656649588764672, FOR
792772638196264960, FOR
792822612086906880, FOR
792833535711272960, FOR
793069842727305216, FOR
794260826798559233, FOR
794922212054749184, FOR
795973119219499008, FOR
796818000527687681, FOR
797030244515479552, FOR
797057316457738240, FOR
797106300878553088, DIVERSE
797352935432867840, FOR
798482776278368256, FOR
798592068679593984, FOR
798944473401139201, FOR
799342685299638272, FOR
799430289554624514, FOR
799713172651261952, FOR
800032761012686848, FOR
800259845601378304, FOR
800285974030782464, FOR
800413017649266688, FOR
800437849619206144, FOR
801824521330315265, DIVERSE
801961868961153024, FOR
802788810094428160, FOR
803299310997741569, FOR
803790087544770561, FOR
804021283646304256, FOR
804091133139816448, FOR
804705386557296645, FOR
805021622012887040, DIVERSE
805122193323683840, FOR
806240471710334976, FOR
807468851277496320, DIVERSE
809007545574625280, DIVERSE
810273069189201920, FOR
812330176939966464, FOR
812805807758856193, FOR
813766204699635713, FOR
814118882269138944, FOR
814475051936391168, FOR
815163954423037952, FOR
815266740078788609, FOR
815626754765258753, FOR
815870289863118849, FOR
817821356448423939, FOR
818025535808962560, FOR
818404367200092160, FOR
819163287673774082, FOR
819236244462956546, FOR
819246519983472652, FOR
819272681468154027, FOR
819279278999240709, FOR
819936031491420160, FOR
821013140322287616, FOR
821043520249221121, FOR
821313315309834240, FOR
821827552696213504, DIVERSE
823468092407869440, FOR
823694557900664833, FOR
823803379143032832, FOR
825448004475826176, FOR
826189685596753922, FOR
826347794659160064, FOR
826512103683010560, FOR
827529866031538176, FOR
828043791823167488, FOR
828532118842114049, FOR
828698508333035520, FOR
829254071974506497, FOR
829295360422068224, FOR
829928331432701953, FOR
830725698109263872, DIVERSE
833312496085790720, FOR
835929713617092608, FOR
836283174170865665, FOR
836557255952777216, FOR
836883916216754177, DIVERSE
837012647501520897, FOR
837081771472715781, FOR
837085628588261376, FOR
837242850458894336, DIVERSE
837684644837457920, DIVERSE
839147202249383937, FOR
839466290217648128, FOR
839555767481028608, FOR
840811127105830913, FOR
841013680271683586, FOR
841359993253330945, FOR
841368686401343488, FOR
842004888603262977, DIVERSE
842077442244263936, FOR
842755754314612736, FOR
842799220675481600, FOR
843142793589673984, FOR
843269777753882624, FOR
843434639222067200, FOR
843485192518098945, FOR
843538544853471235, DIVERSE
843553705077149697, FOR
843735750072000512, FOR
844307309547409409, AGAINST
844546626299609088, FOR
844967018239590400, FOR
846529066937257988, FOR
846866511159574528, FOR
847360297660579840, FOR
847390644423106563, FOR
848726103091032065, FOR
849319526252642305, FOR
849653257723154432, FOR
850459801930936321, FOR
850538507940634624, FOR
850657925148409858, FOR
851487534404317186, FOR
852891738503032832, FOR
853208864535306240, FOR
854677163219595265, FOR
854982906791505920, FOR
855892071412092930, FOR
857582675296743425, FOR
858056309513609216, FOR
860509901046640644, DIVERSE
860538397567442944, FOR
860889804803801088, FOR
861004964193292288, FOR
862702744330809350, FOR
863131663819296768, FOR
863451042553450496, DIVERSE
863622253669490688, FOR
864880427831619584, FOR
864897853625425921, FOR
864976750668894208, FOR
865303055578914817, DIVERSE
865475771355111424, FOR
865481927431553024, FOR
865647394809012224, FOR
865976287680135168, FOR
866027005208387584, DIVERSE
866950314875858944, FOR
867113963313647620, FOR
867922545407864833, DIVERSE
867959580432773121, FOR
868110137894088704, DIVERSE
868111398030716928, FOR
868121776257105921, DIVERSE
868124533982711808, FOR
868266567221510144, FOR
868271327068770304, FOR
868295152451891200, FOR
869308075768991744, FOR
871502019852476416, FOR
871735889747206145, FOR
871776690447503360, FOR
871805495316762624, FOR
871928520376823808, FOR
872718937636708352, FOR
873230353464471552, FOR
873851333908074500, FOR
874658308547805184, FOR
875270165725929473, FOR
875843999118106624, FOR
876565379140792321, DIVERSE
876980951078899713, DIVERSE
877145999977926656, FOR
877186150963830784, FOR
877217019447431168, FOR
877229398784696320, DIVERSE
877234455106269184, FOR
877591340455940096, FOR
879482267197988864, FOR
879506047496589312, FOR
879676746592899072, FOR
880037601385881600, FOR
880637077611831296, FOR
880800319214694400, FOR
881789061798797313, FOR
881903564335046656, FOR
882082223557685253, FOR
882984683717496834, FOR
883088945722130434, FOR
883098950621966336, FOR
884411377309409280, FOR
884762354432475136, FOR
885153241591369729, FOR
885295592435576833, FOR
885742228731285504, FOR
885863112573952000, FOR
885940422354374656, FOR
885989509623676929, FOR
886026940112662529, FOR
886455669351698432, FOR
887472753405825024, FOR
888097333157793792, FOR
888302483218591745, DIVERSE
889077250330591232, FOR
889921432242794497, FOR
890206107905519616, FOR
890359425634095104, FOR
891029682816249856, FOR
891316356901199873, FOR
892182077751386113, DIVERSE
892668385829564416, FOR
892703369353101312, FOR
893190952554291201, FOR
893342956417155072, FOR
893556398189162498, FOR
893884012909015043, FOR
894244166737199105, FOR
894548629205254144, FOR
895322441098174467, DIVERSE
895782680633253888, DIVERSE
895927418531315712, FOR
896234598253907968, FOR
896458181328744448, FOR
897173243303473152, FOR
897758646658060288, DIVERSE
897864578654244865, FOR
898189842236014592, FOR
898573524419399683, FOR
898675607743148032, FOR
898852667925168131, FOR
899441422272737280, FOR
899736790122332162, FOR
899998182435893248, FOR
900058096034361345, FOR
900152957605474304, FOR
900358886129115142, FOR
900514318265065475, DIVERSE
900727587428761606, FOR
902089229798387712, FOR
902212928295899136, FOR
903010726813601794, DIVERSE
903624281497722880, FOR
904273327547711489, FOR
904297005865988096, FOR
904306725607665664, FOR
904424730010075136, FOR
904851902969602048, FOR
905020769872306176, FOR
905270455313080320, DIVERSE
906013198842601472, FOR
906106814055493633, FOR
906557275430637570, FOR
906862269396656133, FOR
907330129705279493, FOR
907511732603703296, FOR
907721180538384384, DIVERSE
908355792625176576, FOR
908890057087635456, FOR
909547261247582209, FOR
909746929051062274, FOR
910498192067788802, FOR
910750266739363840, FOR
911541285080719366, FOR
911964849239977985, FOR
912770376282918912, FOR
913273628560625664, FOR
913346125863809029, DIVERSE
913479992557924352, FOR
913787422365888513, DIVERSE
914162453642129409, FOR
914186532868763652, FOR
914232908528971776, FOR
914817912854237185, FOR
914928591208665089, FOR
915308194402103296, FOR
915384226270375943, DIVERSE
916160083410784257, FOR
916645597423251456, FOR
916734004363251713, FOR
916824435121893377, FOR
917011468368973824, FOR
917471030830092288, FOR
917474877493399553, FOR
917867800928112640, FOR
918357396577275904, FOR
918474149139398657, FOR
918597513640374272, FOR
918649573291298816, FOR
918671245721456645, FOR
918960887653859328, FOR
919252541505929217, FOR
919293220542124032, FOR
919461311041466368, FOR
919510957105319937, FOR
920311880752750592, FOR
920720006706597893, FOR
921180989367508992, FOR
922411736296194048, FOR
922428359598071810, FOR
922444150569689088, FOR
922553363312627713, FOR
923143298612695040, FOR
923298255177502721, FOR
923319696111304704, FOR
923615045300506630, FOR
923618385996533760, DIVERSE
923766052366028800, FOR
924099328725209089, FOR
924111754946383874, FOR
924126298561220608, FOR
924368759049080832, DIVERSE
924377470253576192, FOR
924476212147343360, DIVERSE
925090271116824577, FOR
925118207979073536, DIVERSE
925366269834137602, FOR
925373976905420801, FOR
925389053653954560, FOR
925683228593102849, FOR
925687944412884992, DIVERSE
925889904248344576, FOR
925990254217256960, FOR
926728548131463168, FOR
927036529922502657, DIVERSE
927225828458549249, FOR
927372104596709376, FOR
927476175437430784, FOR
927563955429675009, FOR
927661813646405633, FOR
927883904777940993, FOR
927919247812153344, FOR
928025225769443329, FOR
928103143132590080, DIVERSE
928240352322052096, FOR
928367627629682691, FOR
928599515854262272, FOR
928702012635734016, FOR
928752108874141696, FOR
929065207061676032, FOR
929129355405643782, FOR
929811697308717062, DIVERSE
929859316504461312, FOR
930125137269198850, FOR
931008157475835904, DIVERSE
931121059818074112, DIVERSE
931597409150558209, FOR
932068995833958400, FOR
932509478066548736, FOR
932666960609005573, FOR
933103942149455874, DIVERSE
933735244800380928, FOR
933830053523320832, FOR
933840582014918658, FOR
934121533559197697, FOR
934228610772324352, DIVERSE
934331872712290304, FOR
934395557531082752, FOR
934795327139385351, FOR
935184600229347328, FOR
935917260207804417, FOR
936046878378151936, FOR
936276091215413248, FOR
936307395080392704, FOR
936357847276900352, FOR
936457441474117632, FOR
936672846918676480, FOR
937025104482934784, FOR
937097725597945857, FOR
937694960157159425, FOR
938093970059661314, FOR
938554873536278529, FOR
938559814279548928, FOR
938577035445899264, FOR
938748012486066177, FOR
939146227865784322, FOR
939212117248479232, FOR
940621128007024642, FOR
941397519208206337, FOR
941686411626991616, FOR
941930633554747394, FOR
941972441869508608, FOR
942277318642487296, FOR
942394622797639680, FOR
942494340718395393, FOR
942585424815493120, FOR
942984942308425728, FOR
943405190279061504, DIVERSE
943551139726938112, FOR
944104496409522176, FOR
944324165234057221, FOR
944666930073489408, FOR
945178645693419521, FOR
945553026198179840, FOR
945764896888819712, FOR
945774593679220742, DIVERSE
946011088952483842, DIVERSE
947210308191490049, DIVERSE
947220628934942720, FOR
947513994306351104, FOR
947926097299206144, FOR
948883486823403520, DIVERSE
949016701668032512, FOR
949048168980910081, FOR
949076624414212109, FOR
949637106292396032, FOR
949672979180478472, FOR
949819738061987840, FOR
950058515103715328, FOR
950141051855130626, FOR
950329195862769664, FOR
950410670712983552, FOR
950478924945002497, DIVERSE
950541326008946690, FOR
950795503071047680, FOR
950838039718367233, FOR
951279338011447296, FOR
951402097194434561, FOR
951434487845609472, FOR
952122216551985153, FOR
952172276732039168, FOR
952179640227061760, FOR
952182524184289280, AGAINST
952251270299086854, DIVERSE
953434027545022466, FOR
954041968333672449, FOR
954292325903163392, DIVERSE
954335584339800065, FOR
954420862761029638, FOR
954769415802900485, FOR
954815181594480644, FOR
954818340094140418, FOR
954872065378709504, FOR
955065306539536384, FOR
955151041300852736, FOR
955157614031187968, FOR
955163914299375616, FOR
955186904714170371, FOR
955216488759250944, FOR
955272636157890566, FOR
955280505406132225, FOR
955498665891778568, FOR
955539844268220417, FOR
955715274824613890, FOR
955768215463956482, FOR
955828986038407169, DIVERSE
956050070381752321, FOR
956245790304997379, DIVERSE
956317748791070720, FOR
956450531475632128, FOR
956515009231769601, DIVERSE
956570539069407232, FOR
956577214249816064, FOR
956589937020858369, FOR
956617157714071553, FOR
956628519471271936, FOR
956629291743240192, FOR
956636438795341830, FOR
956665091734364161, FOR
956680072655724545, FOR
956862018300137472, FOR
956957207253409793, FOR
956972146038923265, FOR
956978642189475840, FOR
956981980121522177, FOR
957039391733702661, FOR
957062756716433408, FOR
957207184282136578, FOR
957292269920505856, FOR
957296557703000064, FOR
957298106231599104, FOR
957353485997133824, FOR
957678872715292672, FOR
958006264847577088, FOR
958063203841429509, FOR
958066495057211393, FOR
958368530843529216, DIVERSE
958445663074836482, FOR
958821261857247234, FOR
958868280223191040, FOR
958871443395219457, FOR
958881125778194434, FOR
959124087930015744, FOR
959215846009790466, FOR
959412992399020033, FOR
959453545052418049, FOR
959536169393500165, FOR
959540265513115648, FOR
960219763933876225, FOR
960237061570777088, FOR
960429091211145217, FOR
960566026525081601, FOR
961910062884245504, FOR
962145975870672896, FOR
962299001168171008, FOR
962341685027065856, FOR
962647623567110144, FOR
962752934567206912, FOR
962764621689098243, FOR
963065453751959552, FOR
963112009893072896, FOR
963163390943391745, FOR
963166735787548672, FOR
963782762275786757, FOR
964085293455462402, FOR
964188565751070720, FOR
964268876635746313, FOR
964908898837848065, FOR
965182085181911042, FOR
965255465373401089, FOR
965291677387710464, FOR
965513618656825344, FOR
966078234038296582, FOR
966333418333245443, FOR
966374882152976384, FOR
966780572898127873, FOR
967128711282724865, FOR
967173540658237440, FOR
967817169143828490, FOR
968135319953473542, FOR
968143264674205696, DIVERSE
968736754206433280, FOR
968787409730265088, FOR
968898969681256448, FOR
969164123413123073, FOR
969260341275381761, FOR
969279392076746752, FOR
969541520863956992, FOR
969557237713731584, DIVERSE
969698219021275136, FOR
969900638493700097, FOR
970362267073155073, FOR
970377006067208193, FOR
970378627069210624, FOR
970701650909450240, FOR
971017773408276480, FOR
971033463133483010, FOR
971172150894882817, FOR
971295566570323969, FOR
971640997577883649, FOR
971648240595750912, FOR
971775035051511808, FOR
971778191227572225, FOR
972123876749660160, FOR
972130441829453825, FOR
972316189937586176, FOR
972744975325769728, FOR
972975552905777154, FOR
973135425660432386, FOR
973314066289692672, FOR
973417924257091584, FOR
973542458637381632, FOR
973670306601717762, FOR
973753765932224512, FOR
973925523096244224, FOR
974019006167486466, FOR
974207994694176769, FOR
974227406390210562, DIVERSE
974405745688170497, FOR
974661590850195456, DIVERSE
974739644154867712, FOR
974850004698517505, FOR
974927319252000768, FOR
974952462405783552, DIVERSE
975032007486033921, FOR
975097263348383750, FOR
975110233956679680, FOR
975153774246457344, FOR
975292769655754752, FOR
975420702571532294, FOR
975437930641674240, DIVERSE
975480928758915072, FOR
975516831338418177, FOR
975667313574805504, FOR
975753082729648128, FOR
975787784320487426, FOR
975821725177995264, FOR
975900765557473281, FOR
976082261576732673, FOR
976135799979864067, FOR
976171878363607042, FOR
976213507992629248, FOR
976218711832121344, FOR
976371584830238722, FOR
976401530529243137, FOR
976497247696441344, FOR
976542765474607104, FOR
976600390450974720, FOR
976741368512110592, FOR
976849831762198534, FOR
976913351556165632, FOR
976987521082150914, FOR
977159051820879873, FOR
977209940006891521, FOR
977551350753087488, FOR
977608724054446080, FOR
977626485245825026, FOR
977644843773104135, FOR
977657818613452801, FOR
977688870874738688, FOR
977696197308764160, FOR
977916662753226753, FOR
977984174480154629, FOR
978018490803261442, DIVERSE
978031814127349760, FOR
978067920478720002, FOR
978192713358209024, FOR
978399566595788801, FOR
978402835476992000, DIVERSE
978618159094796288, FOR
978630238048604160, FOR
978649690219696128, FOR
