source, target
5536782, 14513512
5536782, 150614592
5536782, 433447968
5536782, 1403194518
5536782, 2320815756
5536782, 2917267619
5536782, 3425037503
5536782, 720702821843222529
5536782, 819276893874692096
7970992, 52032722
7970992, 305587868
14513512, 5536782
14513512, 198597387
14513512, 1259129132
25049177, 475243789
25049177, 624272728
25049177, 4627794393
25049177, 4756425089
25049177, 759888056673505280
25049177, 859522521238040576
36636494, 2249591503
36636494, 2793115700
36636494, 3816773441
52032722, 7970992
52032722, 421110584
52032722, 624272728
52032722, 2249591503
52032722, 2504668991
52032722, 3816773441
52032722, 4627794393
52032722, 4643082382
52032722, 819276893874692096
52032722, 859522521238040576
52032722, 961033699516141568
52032722, 978340608577277954
53059376, 150614592
53059376, 2594563700
53059376, 2622566769
53059376, 720702821843222529
53059376, 859522521238040576
53059376, 885270735014563840
71516564, 421110584
71516564, 2504668991
71516564, 4627794393
71516564, 897758646658060288
75642402, 1339344901
89221733, 2249591503
150614592, 5536782
150614592, 53059376
169108336, 224597174
169108336, 275942684
169108336, 956885668155752448
198597387, 14513512
224597174, 169108336
254020714, 2793115700
254994054, 352489322
254994054, 2594563700
260096049, 1339344901
260096049, 2543403804
260096049, 2793115700
275942684, 169108336
290178890, 952251270299086854
305587868, 7970992
305587868, 2249591503
305587868, 941748940898291712
305587868, 978340608577277954
325833975, 3816773441
325833975, 739660228971659264
352489322, 254994054
352489322, 437858391
352489322, 2172260604
352489322, 2249591503
352489322, 2793115700
352489322, 3425037503
352489322, 706955613838905345
352489322, 720702821843222529
352489322, 732290670854017025
352489322, 824912061423611904
352489322, 885270735014563840
352489322, 903010726813601794
352489322, 946011088952483842
352489322, 962708176054472704
390929996, 897758646658060288
421110584, 52032722
421110584, 71516564
433447968, 5536782
433447968, 2594563700
437858391, 352489322
475243789, 25049177
492993863, 897758646658060288
624272728, 25049177
624272728, 52032722
712078254, 897758646658060288
1259129132, 14513512
1339344901, 75642402
1339344901, 260096049
1403194518, 5536782
1636246254, 897758646658060288
1837931984, 2793115700
2172260604, 352489322
2172260604, 2249591503
2172260604, 2793115700
2172260604, 4479261983
2172260604, 732290670854017025
2172260604, 978340608577277954
2224879871, 897758646658060288
2249591503, 36636494
2249591503, 52032722
2249591503, 89221733
2249591503, 305587868
2249591503, 352489322
2249591503, 2172260604
2249591503, 722481611330203649
2249591503, 732290670854017025
2249591503, 795557721177227264
2249591503, 824912061423611904
2249591503, 859522521238040576
2249591503, 946011088952483842
2249591503, 962708176054472704
2249591503, 978340608577277954
2258288874, 897758646658060288
2316138426, 897758646658060288
2320815756, 5536782
2504668991, 52032722
2504668991, 71516564
2504668991, 897758646658060288
2543403804, 260096049
2543403804, 2622566769
2543403804, 2793115700
2543403804, 4479261983
2543403804, 903010726813601794
2543403804, 946011088952483842
2594563700, 53059376
2594563700, 254994054
2594563700, 433447968
2594563700, 732290670854017025
2594563700, 795557721177227264
2594563700, 946011088952483842
2622566769, 53059376
2622566769, 2543403804
2622566769, 2793115700
2622566769, 4479261983
2622566769, 720702821843222529
2622566769, 732290670854017025
2622566769, 795557721177227264
2622566769, 824912061423611904
2622566769, 962708176054472704
2622566769, 978340608577277954
2760211947, 791502977488027648
2793115700, 36636494
2793115700, 254020714
2793115700, 260096049
2793115700, 352489322
2793115700, 1837931984
2793115700, 2172260604
2793115700, 2543403804
2793115700, 2622566769
2793115700, 2832605863
2793115700, 3163721202
2793115700, 3623556741
2793115700, 4479261983
2793115700, 722481611330203649
2793115700, 739660228971659264
2793115700, 946011088952483842
2832605863, 2793115700
2917267619, 5536782
3036240899, 897758646658060288
3163721202, 2793115700
3425037503, 5536782
3425037503, 352489322
3623556741, 2793115700
3816773441, 36636494
3816773441, 52032722
3816773441, 325833975
4479261983, 2172260604
4479261983, 2543403804
4479261983, 2622566769
4479261983, 2793115700
4479261983, 722481611330203649
4479261983, 824912061423611904
4479261983, 962708176054472704
4479261983, 978340608577277954
4627794393, 25049177
4627794393, 52032722
4627794393, 71516564
4643082382, 52032722
4756425089, 25049177
706955613838905345, 352489322
720702821843222529, 5536782
720702821843222529, 53059376
720702821843222529, 352489322
720702821843222529, 2622566769
722481611330203649, 2249591503
722481611330203649, 2793115700
722481611330203649, 4479261983
722481611330203649, 732290670854017025
732290670854017025, 352489322
732290670854017025, 2172260604
732290670854017025, 2249591503
732290670854017025, 2594563700
732290670854017025, 2622566769
732290670854017025, 722481611330203649
739660228971659264, 325833975
739660228971659264, 2793115700
759888056673505280, 25049177
791502977488027648, 2760211947
795557721177227264, 2249591503
795557721177227264, 2594563700
795557721177227264, 2622566769
819276893874692096, 5536782
819276893874692096, 52032722
824912061423611904, 352489322
824912061423611904, 2249591503
824912061423611904, 2622566769
824912061423611904, 4479261983
859522521238040576, 25049177
859522521238040576, 52032722
859522521238040576, 53059376
859522521238040576, 2249591503
885270735014563840, 53059376
885270735014563840, 352489322
897758646658060288, 71516564
897758646658060288, 390929996
897758646658060288, 492993863
897758646658060288, 712078254
897758646658060288, 1636246254
897758646658060288, 2224879871
897758646658060288, 2258288874
897758646658060288, 2316138426
897758646658060288, 2504668991
897758646658060288, 3036240899
903010726813601794, 352489322
903010726813601794, 2543403804
941748940898291712, 305587868
941748940898291712, 962708176054472704
946011088952483842, 352489322
946011088952483842, 2249591503
946011088952483842, 2543403804
946011088952483842, 2594563700
946011088952483842, 2793115700
952251270299086854, 290178890
956885668155752448, 169108336
961033699516141568, 52032722
962708176054472704, 352489322
962708176054472704, 2249591503
962708176054472704, 2622566769
962708176054472704, 4479261983
962708176054472704, 941748940898291712
978340608577277954, 52032722
978340608577277954, 305587868
978340608577277954, 2172260604
978340608577277954, 2249591503
978340608577277954, 2622566769
978340608577277954, 4479261983
